Incident_ID;Weapon_Type;Weapon_Caliber;Weapon_Details
20240326GATUA;Handgun;;
20240326MOCHC;Handgun;;
20240326NJWEN;Handgun;;Modified for full auto fire
20240325HIWAW;Handgun;;
20240321NJMAN;Handgun;;
20240321CADIP;Handgun;;
20240320NCPEP;Handgun;;
20240320CONOD;;;
20240320OHBOC;Handgun;;Glock with switch
20240320ILBUC;Handgun;;
20240319DETHW;Handgun;;
20240316TNKEC;Handgun;;
20240314OHLOD;Handgun;;
20240313MDFOG;Handgun;;
20240313WAGAS;Handgun;;
20240313MDWIB;Handgun;;
20240311TXCHT;Handgun;;
20240311MASPS;Handgun;;
20240307NYPSB;Handgun;;
20240305INHAL;Handgun;;
20240304TNBRB;Handgun;;
20240302INROR;Multiple Handguns;;Two loaded handguns in backpack
20240302MONOK;Handgun;;
20240301LACAC;Handgun;;
20240229FLFIJ;Handgun;;
20240228NCWAG;Handgun;;
20240228MEWAW;Handgun;;
20240227DESUG;Handgun;;
20240226TXODO;Handgun;;
20240223WVBLB;Handgun;;
20240221TXTRA;Handgun;;
20240221CODED;Handgun;;
20240221TXECE;Handgun;Service Weapon;
20240221AZCAT;;;
20240220ALPEP;Handgun;;
20240220MISAS;Handgun;;
20240219TXPIM;Handgun;.38 caliber;38 special revolver
20240215FLSHC;Other;BB;Air rifle
20240215FLSHC;Other;Pellet;Air rifle
20240214GABEA;;;
20240213TNRAM;Handgun;;
20240212OHBEB;Handgun;;
20240212IDCOI;;;
20240212IDCOI;;;
20240212CAELC;;;
20240211CAMAB;;;
20240209PACOR;Handgun;;
20240209GATRE;Handgun;;
20240208MDBEB;Handgun;;
20240208TNMEN;Handgun;;
20240207ORWIE;;;
2024207TXKUH;;;
20240206TNNOC;;;
20240205GALUA;Handgun;;
20240202AZLAA;Handgun;;
20240201TNHAN;Handgun;;
20240201GAMCP;Handgun;;
20240131CADUD;Other;Pellet;Gel pellet
20240131ILCHC;Multiple Handguns;;
20240130TNBLM;Handgun;;
20240130TNBLM;Handgun;;
20240130INBEB;Handgun;;
20240130CAGRS;Handgun;;
20240130ALLEM;Handgun;;
20240129TXCOA;Handgun;;
20240129TXCOA;Rifle;AK-47;
20240126ILINC;Handgun;;
20240126ALHUH;Handgun;;
20240124TNWEM;Handgun;;
20240122ILCIC;Rifle;;
20240122ILCIC;Handgun;;
20240118MNCOS;Handgun;;carrying a handgun on his body, unholstered
20240117VAWED;Handgun;;
20240117INLIG;Handgun;;
20240117MDCHE;Handgun;;
20240113INLAF;Handgun;;
20240112OKHEO;Handgun;;
20240112OHROD;Handgun;;
20240111FLNOM;Handgun;;
20240111LABOB;Handgun;;
20240110WAWHW;Rifle;;
20240109TXACH;Handgun;;
20240108MSSIS;Handgun;;
20240108CARIR;;;
20240104IAPEP;Handgun;.22 caliber;
20240104IAPEP;Shotgun;;Birdshot load
20240103TNFRM;;;
20240103VAMAM;Handgun;;
20240101LABAM;Rifle;.223 caliber;AR-15
20240101LABAM;Handgun;9mm;
20231226RIEME;Handgun;;
20231220TXEAF;Handgun;;
20231220NJKIN;Handgun;;
20231219TXCYK;Handgun;;
20231218VAORC;Other;BB;
20231218INEGH;Handgun;Service Weapon;SROs gun fired by student
20231208MONOS;Handgun;;
20231215CAPAP;Handgun;;
20231215TNLEN;Handgun;;
20231213MIDED;Handgun;;
20231212MICOK;Handgun;;
20231211NYROQ;Handgun;;
20231208NMATA;Handgun;;
20231208VAWOW;Other;BB;
20231208WIBUW;Handgun;;
20231206INLAL;Handgun;;Glock with switch
20231205NCVAH;;;
20231205TXNOA;Handgun;;
20231202VADRA;Handgun;;
20231201OHBUA;Other;Pellet;Replica rifle loaded with real .223 ammo
20231201OHNOC;Handgun;;
20231201DCKIW;Handgun;;
20231130TXBUH;Handgun;;
20231129OHMAT;Handgun;;
20231128TXNOH;Handgun;;
20231126OHEDD;Handgun;;
20231123OHSOC;Handgun;;
20231119ILURU;Handgun;;
20231117LAACL;Handgun;;
20231116CALAW;Other;Pellet;Replica semi-auto rifle
20231116OHSTC;Handgun;;
2023114ILMAP;;;
20231114MILID;Handgun;;
2023113KYJEL;Other;Pellet;
20231113NJCEN;Handgun;;
20231110CAVAV;Handgun;;
20231109NVLAL;Handgun;;
20231109ALESA;Handgun;;
20231108CTLIN;Handgun;;
20231103INKII;Handgun;;
20231102NCFRM;Multiple Handguns;;
20231102OHWAL;Handgun;;
20231102ALSMS;Handgun;9mm;
20231031NVCOL;Handgun;;
20231030NCRAR;Handgun;;
20231027TXDUS;Handgun;Service Weapon;
20231027LADOD;Handgun;;
20231027MDCAB;Handgun;;
20231027MDCAB;Handgun;;
20231027MIDED;Handgun;;
20231026CALEL;Handgun;Service Weapon;
20231026VTMOM;;;
20231026FLNFJ;Handgun;;
20231024MDEDW;Handgun;;
20231023WIKEG;Handgun;;
20231020FLLIT;Other;Airsoft;Replica AR-15
20231020FLFAT;Handgun;;
20231019WAEVV;Handgun;;
20231019ILMAC;Handgun;;
20231019TXNAA;Handgun;;
20231019CAGRF;Handgun;;
20231018WILUW;Handgun;;
20231015OHEAT;Handgun;;
20231015MOKIK;Handgun;;
20231015TXFRD;Handgun;;
20231013FLBOS;Handgun;;
20231013OHCLC;Handgun;;
20231011CAMAL;Handgun;;
20231011FLMIM;Handgun;;
20231011TXSEF;Handgun;;
20231010MOBAS;Handgun;;
20231010NCTEF;Handgun;;
20231010SCDAD;Handgun;;
20231008ILTHD;Handgun;;
20231006MIOAO;Handgun;;
20231006LATHT;Handgun;;
20231004PAMIE;Handgun;9mm;Glock
20231004COROD;Handgun;;
20231004WAGAS;Handgun;;
20231004GASAS;Handgun;;
20231002CAALL;Handgun;;
20231002AZALP;;;
20230930GAGRG;Handgun;;
20230929AKWAW;Rifle;.30-06;
20230929NCDUG;Handgun;;
20230928MDEDE;Handgun;;
20230928GAROC;Handgun;;Hidden in chromebook case
20230925DCSTW;;;
20230925MDDUB;Handgun;;
20230925MDGIB;Handgun;;
20230923OHMAC;Handgun;;
20230922IAOTO;Handgun;;
20230922KYMAL;Handgun;;
20230922TNWEM;Handgun;;
20230922TNSWS;Handgun;;
20230922WIMIM;Handgun;;
20230920ILVOC;;;
20230919TXKEB;Other;BB;
20230919FLWOP;;;
20230919DCROW;;;
20230918MDDUB;Handgun;;
20230916OHEAC;Handgun;;
20230915ILHIC;Handgun;;
20230915KSWYK;Handgun;;
20230915MDJAB;Handgun;;
20230914ILBOU;Multiple Handguns;;2 glocks with laser sights and drum magazines
20230913GALAA;Handgun;;
20230913DCLIW;Handgun;;
20230912WAEIY;;;
20230912LASTG;Handgun;;
20230911MDDUL;Handgun;;
20230911ARPRN;Handgun;;
20230909NYPRU;Handgun;;
20230908NCLUL;Handgun;;
20230906FLANT;Handgun;;
20230905CASKO;Handgun;;
20230901TNMEM;Handgun;;
20230901MDDUB;Handgun;;
20230901ILMOC;Handgun;;
20230901LAPOP;Handgun;;
20230831KSWEW;Other;Pellet;
20230831MSBRB;Rifle;.22 caliber;
20230831WANOD;Multiple Handguns;;
20230829NVCLL;;;
20230826CAFAF;Handgun;;
20230825MSOBG;Multiple Unknown;;
20230825CADRL;;;
20230825OKBOT;Handgun;;
20230825SCGEG;Handgun;;
20230825OKCHC;Handgun;;
20230824NMRAT;;;
20230824VAWAP;;;
20230824VAKEV;;;
20230824AZPHP;Other;BB;
20230822OKSTS;Handgun;;
20230822TNSTC;Handgun;;
20230822TXJES;Handgun;.25 caliber;
20230818GANOK;Handgun;;
20230818CAETR;Handgun;;
20230818GAJOJ;Handgun;;
20230818MSPAP;Handgun;;
20230818FLFIJ;Handgun;;
20230816GAJOA;Handgun;;
20230813NEWON;Handgun;;
20230812MSSTS;Handgun;;
20230810TNCOM;Handgun;;
20230808ILBOC;;;
20230807WAHIS;Handgun;;
20230731TNMAM;Handgun;;
20230726DCMAW;Handgun;;
20230725TNFRM;;;
20230725NCJUC;Handgun;;
20230724PAJOH;Handgun;;
20230718NYFRB;Handgun;;
20230716GALOH;Handgun;;
20230714NYKIT;Handgun;;
20230714TXJAS;Handgun;;
20230708ALWOB;Handgun;;
20230707MDPIP;Handgun;;
20230706OHHUC;;;
20230702MNUNF;Other;BB;Replica Glock bb gun
20230623NMKEA;Handgun;;
20230622ARSOS;;;
20230613PAJUP;Handgun;;
20230612NJRIM;Handgun;;
20230612GAKEC;Handgun;;
20230609DCTUW;;;
20230607VADRA;Handgun;;
20230607WIMIM;;;
20230606VAHUR;Multiple Handguns;;4 handguns recovered from different people at the scene
20230605MIMIW;Handgun;;
20230605MARID;Other;Pellet;
20230602MAWOW;Handgun;;
20230602MDSAE;Handgun;;
20230601TXCAF;Handgun;;
20230531CABAB;Handgun;;
20230528GABEA;Handgun;;
20230526MIHAH;;;
20230526NYMOM;;;
20230525PASAB;Handgun;;
20230525OHBEC;Handgun;;
20230525CABEM;Handgun;;
20230525MNWAM;Handgun;9mm;Glock with 50 round drum mag
20230524NCJHG;Handgun;;
20230524PAOLP;Handgun;9mm;
20230524NCNOD;Rifle;AK-47;
20230523MIYPY;Handgun;;
20230522MASTD;;Service Weapon;
20230522DCKID;Handgun;;
20230521NJCEN;Handgun;;Ghost gun
20230519AZBOP;Rifle;.223 caliber;AR-15 with extra ammo in backpack and lunchbox 
20230519DEFAD;;;
20230519NYPSS;Handgun;;
20230518CACHW;Multiple Unknown;;
20230518WAGAS;Handgun;;
20230517DCTHW;Handgun;;
20230516NJSCP;Handgun;;
20230516OHEAC;Handgun;;
20230516MNDAM;Multiple Handguns;;
20230515ININI;Multiple Handguns;;Glock 27, 5.7×28 mm
20230515ORCRP;Other;;Replica glock handgun
20230515CAPIP;Multiple Rifles;;48 guns seized
20230512OHEDD;Handgun;;
20230512OHEDD;Handgun;;
20230512DCKEW;Handgun;;
20230512TNLEL;Handgun;;
20230511MDNOF;Rifle;;
20230511ILNER;Handgun;;
20230510NYPSQ;Handgun;;
20230509CACAO;Handgun;;
20230508SCSUS;Handgun;;
20230508PAEWP;Handgun;;
20230508NVVOL;;;
20230506SCCOL;Handgun;;
20230505INLIE;Handgun;;
20230503NCJOE;Handgun;;
20230502AZRAM;Handgun;;
20230501MDPRS;Handgun;;
20230501MIINF;Handgun;;
20230430KYPAP;Multiple Handguns;;
20230430CAKNP;Handgun;;
20230428TNWEK;Handgun;;
20230427GACHK;;;
20230427VAGER;Handgun;;
20230426MNLIH;Other;Pellet;
20230426CTJON;Handgun;;
20230425NVCOH;Rifle;;
20230425CAKIL;;;
20230423VAJOD;Handgun;;
20230420ARLIL;Handgun;;
20230419FLFOA;Handgun;;
20230418TXRIH;Handgun;;
20230417LASON;;;
20230414AZDEP;;;
20230414WIWAW;Rifle;;AR-15 with extended magazine
20230414PAWOP;;;
20230413ILCHC;Handgun;;
20230412TXLOH;Handgun;;
20230412CACES;Handgun;;
20230407WACHS;Handgun;;
20230406NCSOW;Handgun;;
20230405OHROC;Handgun;;
20230405SCHOG;;;
20230404TXCHH;Handgun;;3D printed, ghost gun
20230404OHWOC;;;
20230403PAFAP;Handgun;;
20230331MSGNJ;;;
20230331CAWOC;;;
20230331DCCAD;Handgun;;
20230331CAJAR;;;
20230330NCFOW;Handgun;;Ghost gun
20230329MDBRO;Handgun;;
20230329GANED;Handgun;;
20230331NCLIR;;;
20230327TNCON;Handgun;;Handgun
20230327TNCON;Rifle;;AR-15 style
20230327TNCON;Handgun;;Submachine pistol
20230324INNOM;Handgun;;
20230323TNHAM;Handgun;;
20230322ALANA;Handgun;;
20230324NJTHM;Handgun;;
20230322PAHAP;Handgun;;
20230322COEAD;Handgun;;
20230321TXTHD;Handgun;;
20230320TXLAA;Shotgun;;
20230319ORFOS;Rifle;;
20230316NCLOD;Handgun;;Extended magazine
20230316DCCOW;Handgun;;
20230316NYPSB;Handgun;;
20230315COINB;Handgun;;
20230315CALIG;Handgun;;
20230315MICEW;;;
20231107CABUB;Other;Pellet;Gel pellet
20230313NYPSN;Handgun;;
20230314NYHAN;Handgun;;
20230314NYMAM;Handgun;;
20230309WIBAM;Handgun;;
20230309OHMAM;Handgun;;
20230308WVHIH;;;
20230308PAHEP;Handgun;;
20230307INTHI;Handgun;;
20230306NYPAN;Handgun;;
20230306TXPAA;;;
20230306MDLEB;Handgun;;
20230306MISTR;Handgun;;
20230306MDPAB;Handgun;;
20230303MTGAL;Other;BB;
20230301ILMAM;Other;Pellet;
20230301GASAS;Handgun;;
20230301ILSAC;Handgun;;
20230301CONOP;;;
20230227CAGAC;;;
20230223OHWOC;Handgun;;
20230222COESE;;Service Weapon;
20230221LARUR;;;
20230217NCERE;Handgun;;
20230217ILCAC;;;
20230216TXGAG;Handgun;;
20230215TXDAH;Handgun;;
20230215OHCOC;Handgun;;
20230215MDWAB;;;
20230213COEMD;Handgun;;
20230214GAMID;Handgun;;
20230214PAWEP;Handgun;;
20230213NYPSS;;;
20230213COEAD;;;
20230213TXDAD;;;
20230210CAHEF;Other;Airsoft;
20230208NYWIB;Handgun;;
20230206ARKIF;Handgun;;
20230206DEAPM;Handgun;;
20230206FLMIM;Handgun;;
20230202UTPAS;Handgun;;
20230202OHRIP;Handgun;;
20230131ILZIZ;Handgun;;Full automatic
20230131OKGEG;Rifle;;
20230130ALHOM;;;
20230130DCCOW;Handgun;;
20230130AZGIY;Handgun;;
20230128MOGLS;Handgun;;
20230127NJHOW;Other;;Flare gun
20230126UTTAT;Handgun;;
20230125OHTOT;;;
20230124MOTHK;;;
20230123TXABA;Other;BB;
20230123IASTD;Handgun;9mm;
20230122WAMOT;;;
20230121FLGLB;Handgun;;
20230120MNWAS;Handgun;;
20230119NYEAB;Handgun;;
20230118NYCAQ;Handgun;;
20230118OKDED;Handgun;;
20230117FLMAB;Other;BB;Two BB rifles, one BB pistol
20230111VTSPV;Other;Pellet;
20230111VALAP;;;
20230110UTWES;Other;Pellet;
20230110KYSAS;Handgun;;
20230110DEWIN;Handgun;;Glock
20230110OHJOC;;;
20230110LABON;;;
20230109VAPRW;Other;Pellet;
20230107ORFRP;Handgun;;
20230106MDBEB;Handgun;;
20230106MIOAD;Handgun;;
20230106FLWEA;Handgun;;
20230106VARIN;Handgun;9mm;
20230105OHBEC;Handgun;;
20230105NYFRR;Handgun;;
20230104MITRD;Rifle;;
20221221CTNEN;;;
20221221CAWOW;Handgun;;
20221216ILBEC;Handgun;;
20221214OHLIC;Handgun;;
20221212ORGRP;Handgun;;
20221210TNBRC;;;
20221209PAMEP;;;
20221208NCFUG;Handgun;;
20221208NCFUG;Handgun;;
20221208MDSUD;Handgun;;
20221206ALLEM;;;
20221206MOCOS;Handgun;;
20221206INSUW;;;
20221206ILMIC;Handgun;;
20221206MDHAH;Other;BB;
20221205TNFRM;Handgun;;
20221203WISOM;Handgun;;
20221202DEDEW;;;
20221121MIHED;Multiple Handguns;;
20221122MISTS;Rifle;;
20221118NYROS;;;
20221118DCJAW;Handgun;;
20221117CAEAL;Handgun;;
20221117INSOC;Handgun;Service Weapon;
20221116ORMCM;;;
20221116NCLUL;Handgun;;
20221115TNMAN;Handgun;;
20221115LABAB;Multiple Handguns;;
20221112FLJOO;Handgun;;
20221111MSRAR;Handgun;;
20221109KYCAC;Handgun;9mm;
20221106VAHUH;Handgun;;
20221105TXDAF;Handgun;Service Weapon;Live round during training
20221104KYVAL;Handgun;;
20221103GASHS;;;
20221102DCMCW;Handgun;;
20221029TXAVA;Handgun;;
20221029COCRH;Handgun;;
20221028TXROR;Handgun;;
20221028NCWAT;Handgun;;
20221028ARROR;Other;Pellet;Pellet or BB gun
20221026TXUTU;Handgun;;
20221026ILMIW;Handgun;;
20221025PAPAP;Handgun;;
20221025NYTOS;Handgun;;
20221024MOCES;Rifle;.223 caliber;AR-style rifle, 600 rounds of ammo
20221022OHDUC;;;
20221022ILCHC;;;
20221021OHSHS;Handgun;Service Weapon;
20221021CAGRS;Handgun;;
20221020COCAD;Other;BB;
20221020PAPAP;Handgun;;
20221019TNROR;;;
20221018NVSUL;;;
20221018ORJEP;;;
20221017CAWIS;Other;Pellet;Paintball gun
20221017FLORT;Handgun;;
20221016VAFAR;;;
20221014LAJHA;Handgun;;
20220908LAJHA;Handgun;;
20221014NCJAG;Rifle;;AR-15
20221014NCJAG;Handgun;;
20221014VAWER;Handgun;;
20221014LABOB;Handgun;;
20221014TNRIM;Handgun;;
20221013NYSCB;Multiple Handguns;;
20221013TXJOD;Handgun;;
20221012NCCAC;Handgun;;
20221011ORREP;Handgun;;
20221011KSSAS;Handgun;;
20221010WIJAM;Handgun;;
20221009MAWAA;Handgun;;
20221008MOJCK;Handgun;;
20221007MIBAB;Handgun;;
20221007NCJHG;Handgun;;
20221007AZCAP;Handgun;;
20221007OHWHT;Handgun;;
20221006OHMAC;Handgun;;
20221004MAJB;Handgun;;
20221004NCPIS;;;
20221003MIOXO;Handgun;;
20221001CACOO;Handgun;;
20220930OKMCT;Handgun;;
20220930NYNEN;Handgun;;
20220928LASEB;Handgun;;
20220928CARUO;Handgun;;
20220927PAROP;Multiple Unknown;;
20220927TXHGD;;;
20220926GAVAV;Handgun;;
20220923CANOC;Handgun;;
20220923WIROM;Handgun;;
20220923PAWEP;Handgun;;
20220923DEAPM;Handgun;;
20220923MNRIM;Handgun;;
20220922AZMOP;Handgun;;
20220921INJAS;Handgun;;Serial number removed
20220920NYINB;Handgun;;
20220919FLTRS;Handgun;Service Weapon;
20220919LALAN;;;
20220917GAJOA;Handgun;;
20220916GALAA;Multiple Handguns;;
20220916NYPSN;Other;Pellet;
20220914PACON;Other;BB;
20220913UTBOB;Handgun;;
20220913MIJAJ;;;
20220913MDOXO;;;
20220913CAVAV;Handgun;;
20220909WIWIR;Handgun;;
20220909WIMIM;;;
20220907OHBEB;;;
20220907MDCAB;Handgun;;
20220907WIBAM;Handgun;;Fully auto
20220907WIBAM;Rifle;;Fully auto
20220906IANOS;Other;Pellet;
20220904FLBOL;Handgun;;
20220902INJEL;Handgun;;
20220902MDMEB;Handgun;;
20220831DCIDW;Handgun;;
20220831NMDEA;Handgun;;
20220831PAFRP;Handgun;;
20220831PAFRP;Rifle;;Semi auto rifle
20220829CAMAO;Handgun;;
20220827MONOS;Handgun;;
20220826OHGAC;Handgun;;
20220823OHINC;Other;BB;
20220823OHART;Handgun;;
20220819LAAKN;Handgun;;
20220819OHGRG;Handgun;10mm;Glock modified for full auto
20220819TNWEC;;;
20220818FLLER;Handgun;;
20220816TXPOB;Handgun;;
20220815CALIS;Handgun;;
20220813ARMAL;;;
20220812MISUG;Handgun;9mm;
20220812CASIV;Handgun;;
20220811GAUCB;;;
20220810GAMCA;Multiple Handguns;;
20220809PACHP;Handgun;;
20220805MATHL;Handgun;;
20220805GAJOJ;Handgun;;
20220803PALEP;Handgun;;
20220731CAOAO;Handgun;;
20220730NYRHH;;;
20220729INCOS;Handgun;;
20220728KSMOG;Handgun;;
20220726PALAL;;;
20220726TXCOC;Handgun;;
20220725NYBRB;Handgun;;
20220720CAJOV;Handgun;;
20220716NYCLS;Handgun;;
20220716GAAPF;Handgun;;
20220629CABUA;;;
20220620ILGRC;;;
20220613WAMAE;Handgun;;
20220610ALBYB;Handgun;;
20220609ALWAG;Handgun;Service Weapon;
20220608ARLIL;;;
20220607MIPED;Handgun;;
20220605INWEG;Handgun;;
20220601CAULL;Handgun;;
20220531LAMON;Handgun;;
20220530CAHEL;Handgun;;
20220529ILDAC;Rifle;;
20220529ILDAC;Handgun;;
20220526TXDUA;Handgun;;
20220526SCMEG;;;
20220525ILSTC;;;
20220524WIRIM;Handgun;;
20220524TXROU;Multiple Rifles;;
20220524DCPOW;Handgun;;
20220523PASIP;Handgun;;
20220520VAPOD;Handgun;;
20220520TNEAC;;;
20220520OHCAC;Other;airsoft;
20220520ILSOP;Handgun;;
20220520ALMAT;;;
20220519VAGER;;;
20220519MIEAK;;;
20220519LAHAH;Handgun;;
20220518TNRIM;Handgun;;
20220518FLPAP;Handgun;;
20220517ILWAC;Handgun;;
20220517CASAS;;;
20220516TXMEM;Handgun;;
20220515NHBEB;Other;airsoft;
20220515ILMEP;Handgun;9mm;
20220513GASOM;;;
20220513FLALW;Handgun;Service Weapon;
20220512TXHEH;;;
20220512ARHOH;Handgun;;
20220511FLJAJ;;;
20220509NYEDS;Handgun;;
20220509GARIS;Handgun;;
20220505OHLOL;Handgun;;
20220505ALDOD;Other;BB;
20220503CAARS;;;
20220501VALOM;Handgun;;
20220501OHHAC;Handgun;;
20220430PAMCJ;Handgun;;
20220427TXMOS;Handgun;Service Weapon;
20220427INCOS;Other;BB;
20220426MIASI;Handgun;;
20220426GASOM;Handgun;;
20220426GASOM;Other;Pellet;
20220425WIWIM;Multiple Handguns;;
20220424MOHAF;Handgun;;
20220422ORHOS;Handgun;;
20220422DCEDW;Multiple Rifles;;Fully automatic AR-15 style rifles
20220422DCEDW;Multiple Handguns;;
20220422CAMOR;Rifle;;
20220421NDMOM;Handgun;Service Weapon;
20220416IAMED;Handgun;;
20220415VAGAW;Handgun;;
20220414MSNEP;Other;Pellet;2 high-powered Gamo pellet rifles and 1 CO2 BB gun
20220413MISHS;Other;BB;
20220411ARPIP;Handgun;;
20220410MALYL;Handgun;;
20220406WVRIR;Handgun;.22 caliber;
20220406WASTM;Other;Pellet;
20220406ORROP;Handgun;;
20220405PAERE;Handgun;9mm;
20220403INBLB;Multiple Handguns;;
20220331PAACP;Handgun;;
20220330GABOA;Handgun;;
20220330AZKIK;Handgun;;
20220329VALUR;Handgun;;
20220329NVWEL;Handgun;Service Weapon;
20220328TXNOF;Handgun;;
20220328NCOAC;Handgun;;
20220325UTHIS;Handgun;;
20220325UTHIS;Other;Pellet;Gel pellet gun
20220325TXROR;Other;Pellet;Multiple gel pellet guns
20220325TNBRM;Handgun;;
20220324VARIW;Multiple Rifles;;Rifle and shotgun
20220322VAJAR;Handgun;;
20220322TXWOD;Handgun;;
20220322FLNEN;Other;Pellet;Gel pellet gun
20220321MSLEP;;;
20220321MIMAK;Handgun;9mm;
20220321AZDES;Handgun;;
20220319ALCEL;Handgun;;
20220318RICEP;Other;Pellet;Gel pellet gun
20220318ILBAB;Other;Pellet;Gel pellet gun
20220317AKREW;Handgun;;
20220316CALOR;Handgun;;
20220315WAEIY;Multiple Handguns;;
20220315MDPAB;Handgun;;
20220315MATEB;Multiple Handguns;;9mm glock handgun and .22 handgun with laser sight
20220315GAFOF;Handgun;;
20220314CAKRP;Handgun;;
20220313PANEP;;;
20220313PANEP;;;
20220311WIJER;Handgun;;
20220311OHMAM;;;
20220311OHFAP;Handgun;;
20220311CADER;Handgun;;
20220310TNHAM;Handgun;;
20220310MDCOL;Handgun;;
20220310COROH;Other;;Water pellet gun
20220309TXNOH;Handgun;;
20220309NMESE;Other;;Paintball gun
20220309FLNOM;Handgun;;Glock with extended magazine
20220309FLNOM;Rifle;;Springfield AR style rifle with fully automatic firing
20220307IAEAD;Multiple Handguns;;6 handguns recovered from suspects
20220304KSOLO;Handgun;;
20220303MIJWL;Handgun;;
20220228NYBOB;Handgun;;
20220227DCDUW;Handgun;;
20220225NMWEA;Handgun;;"Replica glock ""ghost gun"" purchased online"
20220225ALSOH;Handgun;;
20220223VAWOW;Handgun;;
20220222TXALH;Handgun;;
20220222COLIP;Handgun;Service Weapon;
20220221MDJOH;Handgun;;
20220220OKWIW;Handgun;;
20220220MSMCM;;;
20220219VACAC;;;
20220218MATET;Other;Pellet;Gel pellet
20220217WAMCG;Handgun;;
20220214FLLAL;Handgun;;
20220211DCEAW;Handgun;;
20220209NYMCB;Handgun;;
20220209MNMIM;;;
20220208NYMOM;Handgun;;
20220208MDCAC;Handgun;;
20220204GASOD;Handgun;;
20220204ALWEB;Handgun;;
20220203NCSPS;;;
20220202KYLOR;;;
20220201WIRUM;Handgun;;
20220201WIRUM;Handgun;;
20220201MNSOR;;;
20220201ILALC;Handgun;;
20220129WIBEB;Handgun;;
20220128LACAM;Handgun;;
20220127TXMOH;Handgun;;
20220126PABAP;Handgun;;
20220124NVSUL;;;
20220124IDDAD;Rifle;;AR-15
20220121MDMAR;Handgun;9mm;Ghost gun purchased online and assembled by shooter and friend
20220121GAMCA;;;
20220119VAMAP;Handgun;;
20220119VAMAP;Handgun;;
20220119FLSES;Handgun;9mm;
20220119DCANW;Handgun;;
20220117TXPYH;Multiple Handguns;;
20220114MDGAG;Rifle;AR-15;AR-style ghost gun
20220111NMVAA;;;
20220106CAFLS;Handgun;;
20220104ILAUR;Multiple Handguns;;
20220103WACHP;Handgun;.38 caliber;
20220103OHCOC;;;
20211229NCCAS;Handgun;;
20211217TXWOD;Other;;Realistic BB rifle
20211216SCEAC;Handgun;;
20211216NYPSB;Handgun;;
20211214WISOM;Handgun;;
20211214VAMEN;Handgun;;
20211213NCWEC;Handgun;;
20211213FLEAO;Handgun;;
20211212NYSCR;Handgun;;
20211211GAJOG;Handgun;;
20211211FLEDL;Handgun;;
20211210OHCAC;Handgun;;
20211210NCJEC;;;
20211209NYGRN;Handgun;;
20211208MOEWK;Handgun;;
20211208KYSTL;;;
20211207ILHAC;Handgun;;Extended magazine
20211206NYSUS;Handgun;;
20211206CAWIW;Multiple Rifles;;High power rifle
20211203ARBLB;Handgun;;
20211202WAGAS;Handgun;;
20211201TXSAP;Handgun;;
20211130TNHUH;Handgun;;
20211130MIOXO;Handgun;9mm;Sig Sauer, 3X15 magazines
20211130CALOL;Other;BB;
20211129ILWER;Handgun;;
20211129AZCHP;Handgun;;
20211126CAWES;Handgun;;
20211125SCCEP;;;
20211124ILTHH;;;
20211123OHCLC;Handgun;;
20211119MDGIB;;;
20211119COHIA;Multiple Handguns;;
20211116NYPSB;Handgun;;
20211116FLJAJ;;;
20211115NYPOP;Handgun;.38 caliber;
20211110NYITI;;;
20211109NMMEL;Handgun;;
20211108NYTHB;Handgun;;
20211106FLOVO;Handgun;;
20211102NMHIH;Other;BB;C02 BB rifle
20211030PASTM;Handgun;;
20211027SCCAS;Handgun;;
20211026MSCAN;Shotgun;;
20211026ILWIC;Handgun;;
20211022PAPHP;Handgun;;
20211021NYPSB;Handgun;;
20211021GABES;;;
20211018PALIP;Handgun;;
20211017ARROR;Rifle;.223 caliber;6.5 Grendel rifle
20211015CAKEF;Handgun;9mm;
20211015ALWIM;Handgun;;
20211014MEREP;;;
20211013PACHD;Other;Pellet;
20211013ILMCC;;;
20211012OKUNT;Other;Pellet;Full automatic plastic gel gun, similar to airsoft pellets
20211012MIELK;Handgun;;
20211012ILWEC;Handgun;.45 caliber;
20211012ARLIL;;;
20211011ORROP;Handgun;;
20211008OKCOC;;;
20211007TXEAW;Rifle;.22 caliber;
20211007PAANP;;;
20211007NCEAD;Handgun;;
20211007DCWAW;Handgun;9mm;Ghost gun
20211006TXTIA;Handgun;;
20211005NDHEH;Handgun;;
20211005NCGAC;Handgun;;
20211004PASCP;Handgun;;
20211004PASCP;Rifle;AR-15;
20211004OHWOT;Handgun;;
20211004ILLAC;Handgun;;
20211001TXYEH;Rifle;;
20211001NJCHC;Handgun;;
20211001NCSEF;Handgun;;
20211001NCNOD;Handgun;;
20211001INBEI;Handgun;;
20210930TNCUM;Handgun;;
20210930MSNEN;Handgun;;
20210929OHSHS;Handgun;;
20210928MESOS;Handgun;;
20210927ILCAC;Other;BB;
20210924VAESE;Handgun;;
20210924TNSTS;Handgun;;
20210924TNSTS;Rifle;;
20210924MDWIB;Handgun;;
20210924ALFAF;;;
20210923IDRIR;Handgun;;
20210922NYSOB;Handgun;;
20210922CTLIN;;;
20210921PAVAP;Handgun;;
20210921OHMIM;Other;BB;
20210921KSEAW;Handgun;;
20210921GAFRA;Handgun;;
20210921FLLAL;Other;BB;
20210920VAHEN;Handgun;;
20210920OHEAC;Multiple Handguns;;
20210920OHEAC;Handgun;;
20210918COWIC;Handgun;;
20210917VAHEH;Handgun;;
20210917TNAUK;Handgun;;
20210917PAWEP;Handgun;;
20210917NCPAW;Handgun;;
20210917GASWS;Handgun;;
20210916WIORM;Handgun;;
20210916UTPRP;Other;airsoft;
20210915VASPS;Other;;Stungun
20210915KYMAL;Handgun;;
20210915ILCEC;Handgun;;
20210914TNLAL;Handgun;;
20210914MOMCH;Multiple Handguns;;
20210913SCEDC;Handgun;;
20210910CONOA;Handgun;;
20210910CASTP;Other;BB;
20210909NCSHE;;;
20210909MITRF;Handgun;;
20210909ILCHC;Handgun;;
20210908MNPRB;Multiple Handguns;;
20210908ILCEC;Handgun;;
20210907TNLAL;Handgun;;
20210907PAHAH;Handgun;;
20210907MAOMG;Other;BB;
20210903NVDEL;Handgun;;
20210903NCJUC;Handgun;;
20210903CAMTH;Handgun;;
20210903CABUB;Handgun;;
20210902NMALA;Multiple Handguns;;
20210902INWEG;Handgun;;
20210902GAWOS;Handgun;;
20210902CASAL;Handgun;;
20210902CASAL;Handgun;;
20210902CASAL;Handgun;;
20210902CASAL;Handgun;;
20210902ARLIL;Handgun;;
20210901NCMTW;Handgun;;
20210901ILFRC;Handgun;;
20210830NJWEN;Handgun;;
20210830NCNEW;Handgun;;
20210830MDNEO;Handgun;;
20210830FLOKW;Other;Pellet;
20210828CASAS;Handgun;;
20210827VAFRW;Handgun;;
20210827KYAPO;Handgun;;
20210827INHAH;Handgun;;
20210826WAAKS;Multiple Handguns;;
20210826OHNOT;Handgun;;
20210826NYHAH;Handgun;;
20210822ILWER;Handgun;;
20210820NEMIO;;;
20210820CACEF;Handgun;;
20210818SCORO;Handgun;;
20210818SCORO;Handgun;;
20210815VAROD;Handgun;;
20210814SCDAH;Other;BB;
20210814ILMAC;;;
20210813NMWAA;Handgun;;
20210813GACAS;Handgun;;
20210812GALIL;Handgun;Service Weapon;
20210812CANOS;Handgun;;
20210811COMAC;;;
20210811CAOAO;Handgun;;
20210810OHEAC;Handgun;;
20210807ORGIP;;;
20210806LASTH;Handgun;;
20210805GACHD;;;
20210727WATYS;Handgun;;
20210721ILTHC;;;
20210719TXCAC;Other;BB;Hydroball gun painted black to look realistic
20210718ARFOL;Handgun;;
20210709KSCAW;Handgun;;
20210708ILBEC;Handgun;;
20210704NYDRR;;;
20210628CASLF;;;
20210624ILABR;;;
20210620CAGRM;Handgun;Service Weapon;
20210614TXEAF;Handgun;;
20210614NCROR;Multiple Handguns;;
20210614NCRJW;Handgun;;
20210614NCRJW;Rifle;.223 caliber;AR-15 style rifle
20210613PAWIP;Handgun;;
20210613PAPAC;;;
20210612MOMCF;Handgun;;
20210610CTHOW;Multiple Handguns;.40 caliber;Glock 23 with illegal high capacity magazine
20210609VAWIR;Handgun;;
20210609TXNOH;Handgun;;
20210608PAMUS;Handgun;;
20210608KSHAK;;;
20210607TXEAF;Handgun;;
20210606VADRA;Multiple Handguns;;
20210601ILLIC;Handgun;;
20210525NJPAP;Rifle;;High-powered rifle with pistol grip, scope, extended magazine, and other modifications.
20210517TXBRE;Other;BB;
20210517TNAUM;Handgun;;
20210517MDLOC;Multiple Handguns;;"One handgun was ""ghost gun"""
20210514CASAS;Handgun;;
20210511NYPSB;Handgun;;
20210511CAVEL;Other;Pellet;
20210506SCFOC;Rifle;;Military rifle taken from Army Fort
20210506IDRIR;Handgun;;
20210505SCWAW;Handgun;;
20210505MICRC;Handgun;;
20210502ILCHC;Multiple Handguns;;
20210501MNBES;Multiple Handguns;;
20210430INMAI;Handgun;;
20210429NYURB;Multiple Handguns;;
20210429CAVIV;Handgun;;
20210427TNLAM;Handgun;;
20210427DESMS;Handgun;;
20210426MNPLP;Handgun;;
20210420TXHAH;Handgun;;
20210418OHWED;Handgun;;
20210413TNMAC;Handgun;;
20210412TNAUK;;;
20210412CASAS;Rifle;;
20210412CASAS;Handgun;;
20210411INBIH;Handgun;9mm;
20210407ILPEP;Handgun;;Not loaded
20210406ILBAC;Other;BB;Assault rifle replica
20210401OKCLC;Other;BB;
20210401ALSES;Handgun;;
20210327MAPEC;;;
20210326MOCAS;Handgun;;
20210324ORFOS;Handgun;;
20210319WVSPM;Other;BB;
20210318KYGRL;Handgun;;
20210315INMEM;Multiple Handguns;;
20210313TXLEA;Handgun;;
20210311OHCIC;;;
20210309TNSAK;Handgun;;
20210309OHBIC;;;
20210308SCEDC;Handgun;;
20210301ARWAP;Handgun;.38 caliber;
20210226LAGEN;Handgun;;
20210224WAGAY;Handgun;;
20210222CAHOV;;;
20210219ILLIR;;;
20210217TNKNK;;;
20210216NCTHS;Other;Pellet;
20210214MNROM;;;
20210210TXFOF;;;
20210210NJSCP;;;
20210210LASTS;;;
20210208MISCG;;;
20210205MDBEM;;;
20210201MIMUD;Handgun;;
20210127MSHAH;Handgun;;
20210127FLHOH;Other;airsoft;Two replica airsoft handguns
20210121OKLOG;Handgun;;
20210121OHEAC;Handgun;;
20210114MDHIW;;;
20210110ILSOS;;;
20210104NYPEJ;Handgun;;
20201229WAROS;Handgun;;
20201225FLYOP;Handgun;;
20201211VATAY;Handgun;;
20201125KSABG;Handgun;;
20201124NCHEH;Handgun;;
20201117TXWEW;Handgun;;
20201117MTGRG;Other;BB;
20201116TNWIM;Handgun;;
20201113NCLIL;Handgun;9mm;
20201026GARIR;Handgun;.38 caliber;
20201020ARJAP;Handgun;.22 caliber;
20201014WAWAS;Multiple Handguns;;
20201014PABRB;Other;BB;
20201012TXNOD;Handgun;;
20201012MNSHS;Shotgun;;
20201009FLJEJ;Handgun;;
20201005OKSOM;Other;airsoft;
20201005ARKIH;Handgun;;
20201002PAMAE;Other;BB;
20200925ILROR;Handgun;;
20200924ILMCS;Other;BB;
20200924CAWAC;Multiple Handguns;;
20200924CAWAC;Multiple Rifles;;Gold plated AK-47
20200923PAWIW;Handgun;;
20200923FLHIJ;Other;BB;BB gun
20200921CAPLP;Rifle;;
20200915UTVIB;Shotgun;;
20200915SCYOR;Other;BB;BB gun
20200909PAWEW;Handgun;;
20200830TXLOD;Handgun;;
20200825MOWEC;Handgun;;
20200817MIABG;Handgun;;
20200804PAKEP;Handgun;;
20200729ILCOC;Handgun;;
20200727AZCAO;Handgun;;
20200721SCBRO;Handgun;;
20200714MIWID;Handgun;Unknown;
20200704INLAM;Handgun;Unknown;
20200701ILFRP;Handgun;Unknown;
20200630OHLAW;Rifle;.223 caliber;AK-47 style rifle
20200616FLTOM;Multiple Unknown;;
20200603IAGAD;No Data;;
20200527OHLUC;Handgun;Unknown;
20200525ALORM;Handgun;Unknown;
20200522OHMIC;No Data;;
20200519VAWEM;Handgun;Unknown;
20200515NCSTC;Handgun;Unknown;
20200505CAGOV;No Data;;
20200419NCABR;Handgun;;Glock 19 semi-automatic pistol
20200413NEMOO;Handgun;Unknown;
20200330GANAS;Handgun;Unknown;
20200324LAROM;Handgun;Unknown;
20200318LABOS;Handgun;Unknown;
20200315TXATH;Handgun;Unknown;
20200313TNPIR;Handgun;Unknown;
20200310PASHN;Multiple Unknown;.22 caliber;
20200305FLSAW;Handgun;Unknown;
20200302TXNOF;Handgun;Unknown;
20200227FLJET;Handgun;;Sig Sauer P320
20200221NMCEA;Unknown;;
20200215DCDUW;Unknown;;
20200212MOJOF;Handgun;Unknown;
20200205NHSEC;Handgun;.38 caliber;
20200204LABEA;Rifle;5.56mm;
20200203FLGEJ;Handgun;Unknown;
20200201TXHIH;Handgun;Unknown;
20200131CADEA;Handgun;Unknown;
20200128TXLUL;Handgun;.357 caliber;
20200128TNWHM;Handgun;Unknown;
20200128NYMAQ;Handgun;Unknown;
20200127WAROY;Handgun;.22 caliber;
20200123CAOXO;Handgun;Unknown;
20200121NEPAL;Other;BB;
20200121ILLIC;Handgun;Unknown;
20200119TXNOF;Multiple Handguns;Unknown;
20200117SCCAS;No Data;;
20200117MITHH;Handgun;Unknown;
20200114TXPOM;Handgun;Unknown;
20200114TXBEH;Handgun;Unknown;
20200111TXELD;Handgun;Unknown;
20200110MSMCJ;Other;BB;
20200108FLGLB;Handgun;Unknown;
20200107WASOK;Other;BB;
20191228MOMAS;No Data;;
20191221LAWES;Handgun;Unknown;
20191219FLLEN;No Data;;
20191216CTCAN;Handgun;Unknown;
20191213VAMAN;Handgun;Unknown;
20191211KSCHT;Other;BB;
20191211INEVE;Other;BB;
20191210NJSAJ;Multiple Unknown;Unknown;
20191210KSJCK;No Data;;
20191210ALDED;Handgun;Unknown;
20191204NMPIL;Handgun;Service Weapon;
20191203WITHM;Other;BB;
20191203WIOSO;Handgun;Service Weapon;
20191202WIWAW;Handgun;Unknown;
20191201ALMOM;Handgun;Unknown;
20191126WASAV;Handgun;Unknown;
20191125ILCAC;Handgun;Unknown;
20191124CASEU;Multiple Unknown;Unknown;
20191121ILRIO;Other;Pellet;
20191115NJPLP;Handgun;Unknown;
20191114CASAS;Handgun;.45 caliber;
20191113CAESL;Unknown;Service Weapon;
20191111MDACB;Handgun;Unknown;
20191108TXROD;No Data;;
20191108CAEDS;No Data;;
20191029NYNEN;Handgun;Unknown;
20191027MDLAL;Handgun;Unknown;
20191022CARIS;Handgun;Unknown;
20191018OHWOT;No Data;;
20191018GACRS;Handgun;Unknown;
20191015LAGEN;Handgun;Unknown;
20191011LARAR;Handgun;Unknown;
20191009MAGRL;Other;BB;
20191008TXWEH;No Data;;
20191008COSHS;Handgun;Unknown;
20191002GASOA;Handgun;Unknown;
20190927NCZEC;Handgun;Unknown;
20190927CADER;Multiple Handguns;;
20190920PASIP;Handgun;Unknown;
20190918MNFOC;Handgun;;Illegally carried by felon
20190916VAPHH;Handgun;Unknown;
20190916ILILK;No Data;;
20190914TXEAF;Handgun;Unknown;
20190913VAETN;Handgun;Unknown;
20190913UTGRW;Handgun;Unknown;
20190912KSMAM;No Data;;
20190910SCSOA;Handgun;Unknown;
20190906PAWEM;No Data;;
20190906PAMCJ;Handgun;Unknown;
20190906ALCEC;No Data;;
20190902MDNOB;No Data;;
20190830OHCET;Handgun;Unknown;
20190830NCKIK;Handgun;Unknown;
20190830ALLAM;Handgun;Unknown;
20190827NYROR;Handgun;Unknown;
20190827CAHOL;No Data;;
20190824PAWIP;Handgun;Unknown;
20190823MOROS;No Data;;
20190823MOPAS;Handgun;Unknown;
20190823GAPEC;No Data;;
20190820PASAC;Handgun;Service Weapon;
20190817GALAA;Handgun;Unknown;
20190815TNEAN;Handgun;9mm;
20190809NJWEN;Handgun;;
20190808ALBLM;Handgun;Unknown;
20190719CAMOS;Other;BB;
20190711CTBUH;No Data;;
20190702AKWIA;Handgun;Unknown;
20190701NYSCN;Handgun;Unknown;
20190629COJAC;Handgun;Unknown;
20190621MICAF;Handgun;Unknown;
20190613NJTAW;Handgun;.45 caliber;
20190612PAJEE;Handgun;Unknown;
20190612DCHEW;Handgun;Unknown;
20190610ILMEW;Handgun;Unknown;
20190606ILGEC;Handgun;Unknown;
20190530DCHEW;Handgun;Unknown;
20190522OHSAC;Handgun;;
20190517ORPAP;Shotgun;Unknown;
20190517FLTEJ;Handgun;Unknown;
20190508ILSEC;Handgun;Unknown;
20190507COSTH;Multiple Handguns;Unknown;
20190430VACDW;Handgun;Unknown;
20190430FLWEW;Handgun;Service Weapon;
20190426GACRF;Handgun;Unknown;
20190425GAWYS;Handgun;BB;
20190424ARCOC;Handgun;Unknown;
20190417ILWAL;Handgun;Unknown;
20190410TXROH;Multiple Unknown;Unknown;
20190407MAHOL;No Data;;
20190405WISTM;Handgun;Unknown;
20190403FLSAJ;No Data;;
20190403COAUA;Handgun;Unknown;
20190401ARPRP;Handgun;Unknown;
20190327MSSVH;Handgun;Unknown;
20190327FLMAJ;Other;BB;
20190322ALBLB;Handgun;Unknown;
20190313FLLAO;Handgun;Unknown;
20190301KSHIM;Handgun;Unknown;
20190226ALROM;Handgun;Unknown;
20190217COEAA;Handgun;Unknown;
20190214NMVR;Handgun;Unknown;
20190212MOCEK;Handgun;Unknown;
20190208MDFRB;Handgun;Unknown;
20190205MNMIM;Handgun;Unknown;
20190131TXATA;Handgun;Unknown;
20190131TNMAM;Other;Pellet;
20190130GAMIL;Handgun;Unknown;
20190127NVRER;Handgun;;Stolen.
20190125TNMAM;Other;BB;
20190125ALDAM;Handgun;Unknown;
20190123LASOS;No Data;;
20190119KSLAO;Shotgun;Unknown;
20190118NCSHD;No Data;;
20190118MOHAS;Handgun;Unknown;
20190118ALCET;Handgun;Unknown;
20190111ORCAE;Handgun;Unknown;
20190107CACEB;No Data;;
20181218DEAIG;Handgun;Unknown;
20181214MOWIK;Handgun;Unknown;
20181213INDER;Handgun;.45 caliber;.223 rifle, .45 handgun
20181213INDER;Rifle;.223 caliber;.223 rifle, .45 handgun
20181211KYCAC;Other;Pellet;
20181210NYJEJ;Handgun;Unknown;
20181128PASTP;No Data;;
20181124OHAFC;Handgun;Unknown;
20181122WAMOD;Handgun;Unknown;
20181122TXSKD;Handgun;Unknown;
20181121MIPEP;Other;BB;
20181120VASIP;Handgun;Unknown;
20181112MDEAE;Handgun;Service Weapon;
20181109GAGAM;Handgun;Unknown;
20181108CACLS;No Data;;
20181105SCACC;Other;BB;
20181104KYCRL;Handgun;Unknown;
20181029NCBUM;Handgun;Unknown;
20181026FLSAO;Handgun;;
20181025MICOD;No Data;;
20181023NHGOM;Other;Pellet;
20181022CTDUB;Handgun;Unknown;
20181020GASHS;Handgun;Unknown;
20181013TNMCN;No Data;;
20181012MIBAB;No Data;;
20181007VAVAH;Handgun;Unknown;
20181005VALAN;Handgun;Unknown;
20181005TNHAB;Handgun;Unknown;
20181004ORJAP;Handgun;Unknown;
20181003AKDEA;Handgun;Unknown;
20181002ARCHL;Handgun;Unknown;
20180928SDCHC;Handgun;Unknown;
20180927TXHEC;Handgun;Unknown;
20180926MDMAB;Handgun;Unknown;
20180924PACEP;Handgun;Unknown;
20180924NCLAC;Handgun;Unknown;
20180924GAAPB;Handgun;Unknown;
20180920CAPOP;No Data;;
20180920CACHL;Handgun;Unknown;
20180917ALBLH;Handgun;Unknown;
20180914WAMAE;Handgun;Unknown;
20180914FLBOB;Handgun;Unknown;
20180911NVCAL;Handgun;Unknown;
20180910TNFAM;No Data;;
20180910ILCHC;Handgun;Unknown;
20180909CAGIG;Handgun;Unknown;
20180907IAHED;No Data;;
20180905RIPRP;Handgun;.357 caliber;
20180903NYLUN;Handgun;Unknown;
20180831IANOE;Handgun;.22 caliber;
20180831CABAS;Handgun;Unknown;
20180830NCVIC;Handgun;Unknown;
20180830MIOTG;;;
20180829DETOD;Unknown;Unknown;
20180828COCOD;Handgun;Unknown;
20180824ILMEC;Multiple Unknown;Unknown;
20180824FLRAJ;Handgun;Unknown;
20180823ALALM;Handgun;Unknown;
20180817FLPAW;Handgun;Unknown;
20180811TNANN;Handgun;Unknown;
20180809NJLAM;No Data;;
20180804MDEDE;No Data;;
20180803IALIO;Handgun;;
20180719WAWEY;No Data;;
20180717WVHUH;Handgun;Unknown;
20180711OHMIM;No Data;;
20180703KSSUO;Handgun;Unknown;
20180701TNRAM;No Data;;
20180625OHFUS;Handgun;Unknown;
20180624MTSEM;Handgun;Unknown;
20180621TXSKD;No Data;;
20180617ORGRP;No Data;;
20180615OHVAB;No Data;;
20180601TXMCM;No Data;;
20180525INNON;Handgun;Unknown;2 handguns
20180525INNON;Handgun;Unknown;2 handguns
20180521GABEG;No Data;;
20180518TXSAS;Handgun;.38 caliber;.38 pistol, shotgun
20180518TXSAS;Shotgun;Unknown;.38 pistol, shotgun
20180518GAMOA;Handgun;Unknown;
20180517MOCEK;Handgun;Unknown;
20180516ILDID;Rifle;9mm;
20180511CAHIP;Rifle;Semiautomatic;
20180505MIFOF;Handgun;Unknown;
20180503TNWAW;No Data;;
20180503SDENW;No Data;;
20180425NMHIA;Handgun;;
20180423GABEA;Handgun;Unknown;
20180420FLFOO;Shotgun;Unknown;
20180419MIJAJ;Handgun;Unknown;
20180412MORAR;Handgun;Unknown;
20180409NYGLG;Handgun;BB;
20180329KYJOE;Handgun;Unknown;
20180328MSEUE;Handgun;9mm;
20180320MDGRG;Handgun;9mm;
20180319VADOP;No Data;;
20180316MTBIM;Handgun;Service weapon;
20180313VAGEA;Handgun;Unknown;
20180313CASES;Handgun;.45 caliber;
20180309KYFRL;Handgun;Unknown;
20180307ALHUB;Handgun;Unknown;
20180305MOKIC;No Data;;
20180228GADAD;Handgun;.38 caliber;
20180226WAOAT;Handgun;Unknown;
20180220OHJAM;Rifle;.22 caliber;
20180215FLNOC;Handgun;Service Weapon;
20180214FLMAP;Rifle;AR-15;
20180209TNPEN;Handgun;Unknown;
20180208NYTHN;Handgun;Unknown;
20180205MNHAM;Handgun;Service Weapon;
20180205MDOXO;Handgun;Unknown;
20180201CASAL;Handgun;Unknown;
20180131PALIP;Multiple Unknown;Unknown;3 different firearms discharged
20180126MIDED;No Data;;
20180125ALMUM;Handgun;.38 caliber;
20180123KYMAB;Handgun;9mm;
20180122TXITI;Handgun;.38 caliber;
20180122LANEN;No Data;;
20180116VTMOM;Handgun;Service Weapon;
20180109AZCOS;Handgun;Unknown;
20180105IAFOF;Other;Pellet;
20180104WANES;No Data;;
;;;
;;;
;;;
;;;
;;;
;;;
;;;
;;;
;;;
;;;
;;;
;;;
;;;
;;;
;;;
;;;
;;;
;;;
;;;
;;;
;;;
;;;
;;;
;;;
;;;
;;;
;;;
;;;
;;;
;;;
;;;
;;;
;;;
;;;
;;;
;;;
;;;
;;;
;;;
;;;
;;;
;;;
;;;
;;;
;;;
;;;
;;;
;;;
;;;
;;;
;;;
;;;
;;;
;;;
;;;
;;;
;;;
;;;
;;;
;;;
;;;
;;;
;;;
;;;
;;;
;;;
;;;
;;;
;;;
;;;
;;;
;;;
;;;
;;;
;;;
;;;
;;;
;;;
;;;
;;;
;;;
;;;
;;;
;;;
;;;
;;;
;;;
;;;
;;;
;;;
;;;
;;;
;;;
;;;
;;;
;;;
;;;
;;;
;;;
;;;
;;;
;;;
;;;
;;;
;;;
;;;
;;;
;;;
;;;
;;;
;;;
;;;
;;;
;;;
;;;
;;;
;;;
;;;
;;;
;;;
;;;
;;;
;;;
;;;
;;;
;;;
;;;
;;;
;;;
;;;
;;;
;;;
;;;
;;;
;;;
;;;
;;;
;;;
;;;
;;;
;;;
;;;
;;;
;;;
;;;
;;;
;;;
;;;
;;;
;;;
;;;
;;;
;;;
;;;
;;;
;;;
;;;
;;;
;;;
;;;
;;;
;;;
;;;
;;;
;;;
;;;
;;;
;;;
;;;
;;;
;;;
;;;
;;;
;;;
;;;
;;;
;;;
;;;
;;;
;;;
;;;
;;;
;;;
;;;
;;;
;;;
;;;
;;;
;;;
;;;
;;;
;;;
;;;
;;;
;;;
;;;
;;;
;;;
;;;
;;;
;;;
;;;
;;;
;;;
;;;
;;;
;;;
;;;
;;;
;;;
;;;
;;;
;;;
;;;
;;;
;;;
;;;
;;;
;;;
;;;
;;;
;;;
;;;
;;;
;;;
;;;
;;;
;;;
;;;
;;;
;;;
;;;
;;;
;;;
;;;
;;;
;;;
;;;
;;;
;;;
;;;
;;;
;;;
;;;
;;;
;;;
;;;
;;;
;;;
;;;
;;;
;;;
;;;
;;;
;;;
;;;
;;;
;;;
;;;
;;;
;;;
;;;
;;;
;;;
;;;
;;;
;;;
;;;
;;;
;;;
;;;
;;;
;;;
;;;
;;;
;;;
;;;
;;;
;;;
;;;
;;;
;;;
;;;
;;;
;;;
;;;
;;;
;;;
;;;
;;;
;;;
;;;
;;;
;;;
;;;
;;;
;;;
;;;
;;;
;;;
;;;
;;;
;;;
;;;
;;;
;;;
;;;
;;;
;;;
;;;
;;;
;;;
;;;
;;;
;;;
;;;
;;;
;;;
;;;
;;;
;;;
;;;
;;;
;;;
;;;
;;;
;;;
;;;
;;;
;;;
;;;
;;;
;;;
;;;
;;;
;;;
;;;
;;;
;;;
;;;
;;;
;;;
;;;
;;;
;;;
;;;
;;;
;;;
;;;
;;;
;;;
;;;
;;;
;;;
;;;
;;;
;;;
;;;
;;;
;;;
;;;
;;;
;;;
;;;
;;;
;;;
;;;
;;;
;;;
;;;
;;;
;;;
;;;
;;;
;;;
;;;
;;;
;;;
;;;
;;;
;;;
;;;
;;;
;;;
;;;
;;;
;;;
;;;
;;;
;;;
;;;
;;;
;;;
;;;
;;;
;;;
;;;
;;;
;;;
;;;
;;;
;;;
;;;
;;;
;;;
;;;
;;;
;;;
;;;
;;;
;;;
;;;
;;;
;;;
;;;
;;;
;;;
;;;
;;;
;;;
;;;
;;;
;;;
;;;
;;;
;;;
;;;
;;;
;;;
;;;
;;;
;;;
;;;
;;;
;;;
;;;
;;;
;;;
;;;
;;;
;;;
;;;
;;;
;;;
;;;
;;;
;;;
;;;
;;;
;;;
;;;
;;;
;;;
;;;
;;;
;;;
;;;
;;;
;;;
;;;
;;;
;;;
;;;
;;;
;;;
;;;
;;;
;;;
;;;
;;;
;;;
;;;
;;;
;;;
;;;
;;;
;;;
;;;
;;;
;;;
;;;
;;;
;;;
;;;
;;;
;;;
;;;
;;;
;;;
;;;
;;;
;;;
;;;
;;;
;;;
;;;
;;;
;;;
;;;
;;;
;;;
;;;
;;;
;;;
;;;
;;;
;;;
;;;
;;;
;;;
;;;
;;;
;;;
;;;
;;;
;;;
;;;
;;;
;;;
;;;
;;;
;;;
;;;
;;;
;;;
;;;
;;;
;;;
;;;
;;;
;;;
;;;
;;;
;;;
;;;
;;;
;;;
;;;
;;;
;;;
;;;
;;;
;;;
;;;
;;;
;;;
;;;
;;;
;;;
;;;
;;;
;;;
;;;
;;;
;;;
;;;
;;;
;;;
;;;
;;;
;;;
;;;
;;;
;;;
;;;
;;;
;;;
;;;
;;;
;;;
;;;
;;;
;;;
;;;
;;;
;;;
;;;
;;;
;;;
;;;
;;;
;;;
;;;
;;;
;;;
;;;
;;;
;;;
;;;
;;;
;;;
;;;
;;;
;;;
;;;
;;;
;;;
;;;
;;;
;;;
;;;
;;;
;;;
;;;
;;;
;;;
;;;
;;;
;;;
;;;
;;;
;;;
;;;
;;;
;;;
;;;
;;;
;;;
;;;
;;;
;;;
;;;
;;;
;;;
;;;
;;;
;;;
;;;
;;;
;;;
;;;
;;;
;;;
;;;
;;;
;;;
;;;
;;;
;;;
;;;
;;;
;;;
;;;
;;;
;;;
;;;
;;;
;;;
;;;
;;;
;;;
;;;
;;;
;;;
;;;
;;;
;;;
;;;
;;;
;;;
;;;
;;;
;;;
;;;
;;;
;;;
;;;
;;;
;;;
;;;
;;;
;;;
;;;
;;;
;;;
;;;
;;;
;;;
;;;
;;;
;;;
;;;
;;;
;;;
;;;
;;;
;;;
;;;
;;;
;;;
;;;
;;;
;;;
;;;
;;;
;;;
;;;
;;;
;;;
;;;
;;;
;;;
;;;
;;;
;;;
;;;
;;;
;;;
;;;
;;;
;;;
;;;
;;;
;;;
;;;
;;;
;;;
;;;
;;;
;;;
;;;
;;;
;;;
;;;
;;;
;;;
;;;
;;;
;;;
;;;
;;;
;;;
;;;
;;;
;;;
;;;
;;;
;;;
;;;
;;;
;;;
;;;
;;;
;;;
;;;
;;;
;;;
;;;
;;;
;;;
;;;
;;;
;;;
;;;
;;;
;;;
;;;
;;;
;;;
;;;
;;;
;;;
;;;
;;;
;;;
;;;
;;;
;;;
;;;
;;;
;;;
;;;
;;;
;;;
;;;
;;;
;;;
;;;
;;;
;;;
;;;
;;;
;;;
;;;
;;;
;;;
;;;
;;;
;;;
;;;
;;;
;;;
;;;
;;;
;;;
;;;
;;;
;;;
;;;
;;;
;;;
;;;
;;;
;;;
;;;
;;;
;;;
;;;
;;;
;;;
;;;
;;;
;;;
;;;
;;;
;;;
;;;
;;;
;;;
;;;
;;;
;;;
;;;
;;;
;;;
;;;
;;;
;;;
;;;
;;;
;;;
;;;
;;;
;;;
;;;
;;;
;;;
;;;
;;;
;;;
;;;
;;;
;;;
;;;
;;;
;;;
;;;
;;;
;;;
;;;
;;;
;;;
;;;
;;;
;;;
;;;
;;;
;;;
;;;
;;;
;;;
;;;
;;;
;;;
;;;
;;;
;;;
;;;
;;;
;;;
;;;
;;;
;;;
;;;
;;;
;;;
;;;
;;;
;;;
;;;
;;;
;;;
;;;
;;;
;;;
;;;
;;;
;;;
;;;
;;;
;;;
;;;
;;;
;;;
;;;
;;;
;;;
;;;
;;;
;;;
;;;
;;;
;;;
;;;
;;;
;;;
;;;
;;;
;;;
;;;
;;;
;;;
;;;
;;;
;;;
;;;
;;;
;;;
;;;
;;;
;;;
;;;
;;;
;;;
;;;
;;;
;;;
;;;
;;;
;;;
;;;
;;;
;;;
;;;
;;;
;;;
;;;
;;;
;;;
;;;
;;;
;;;
;;;
;;;
;;;
;;;
;;;
;;;
;;;
;;;
;;;
;;;
;;;
;;;
;;;
;;;
;;;
;;;
;;;
;;;
;;;
;;;
;;;
;;;
;;;
;;;
;;;
;;;
;;;
;;;
;;;
;;;
;;;
;;;
;;;
;;;
;;;
;;;
;;;
;;;
;;;
;;;
;;;
;;;
;;;
;;;
;;;
;;;
;;;
;;;
;;;
;;;
;;;
;;;
;;;
;;;
;;;
;;;
;;;
;;;
;;;
;;;
;;;
;;;
;;;
;;;
;;;
;;;
;;;
;;;
;;;
;;;
;;;
;;;
;;;
;;;
;;;
;;;
;;;
;;;
;;;
;;;
;;;
;;;
;;;
;;;
;;;
;;;
;;;
;;;
;;;
;;;
;;;
;;;
;;;
;;;
;;;
;;;
;;;
;;;
;;;
;;;
;;;
;;;
;;;
;;;
;;;
;;;
;;;
;;;
;;;
;;;
;;;
;;;
;;;
;;;
;;;
;;;
;;;
;;;
;;;
;;;
;;;
;;;
;;;
;;;
;;;
;;;
;;;
;;;
;;;
;;;
;;;
;;;
;;;
;;;
;;;
;;;
;;;
;;;
;;;
;;;
;;;
;;;
;;;
;;;
;;;
;;;
;;;
;;;
;;;
;;;
;;;
;;;
;;;
;;;
;;;
;;;
;;;
;;;
;;;
;;;
;;;
;;;
;;;
;;;
;;;
;;;
;;;
;;;
;;;
;;;
;;;
;;;
;;;
;;;
;;;
;;;
;;;
;;;
;;;
;;;
;;;
;;;
;;;
;;;
;;;
;;;
;;;
;;;
;;;
;;;
;;;
;;;
;;;
;;;
;;;
;;;
;;;
;;;
;;;
;;;
;;;
;;;
;;;
;;;
;;;
;;;
;;;
;;;
;;;
;;;
;;;
;;;
;;;
;;;
;;;
;;;
;;;
;;;
;;;
;;;
;;;
;;;
;;;
;;;
;;;
;;;
;;;
;;;
;;;
;;;
;;;
;;;
;;;
;;;
;;;
;;;
;;;
;;;
;;;
;;;
;;;
;;;
;;;
;;;
;;;
;;;
;;;
;;;
;;;
;;;
;;;
;;;
;;;
;;;
;;;
;;;
;;;
;;;
;;;
;;;
;;;
;;;
;;;
;;;
;;;
;;;
;;;
;;;
;;;
;;;
;;;
;;;
;;;
;;;
;;;
;;;
;;;
;;;
;;;
;;;
;;;
;;;
;;;
;;;
;;;
;;;
;;;
;;;
;;;
;;;
;;;
;;;
;;;
;;;
;;;
;;;
;;;
;;;
;;;
;;;
;;;
;;;
;;;
;;;
;;;
;;;
;;;
;;;
;;;
;;;
;;;
;;;
;;;
;;;
;;;
;;;
;;;
;;;
;;;
;;;
;;;
;;;
;;;
;;;
;;;
;;;
;;;
;;;
;;;
;;;
;;;
;;;
;;;
;;;
;;;
;;;
;;;
;;;
;;;
;;;
;;;
;;;
;;;
;;;
;;;
;;;
;;;
;;;
;;;
;;;
;;;
;;;
;;;
;;;
;;;
;;;
;;;
;;;
;;;
;;;
;;;
;;;
;;;
;;;
;;;
;;;
;;;
;;;
;;;
;;;
;;;
;;;
;;;
;;;
;;;
;;;
;;;
;;;
;;;
;;;
;;;
;;;
;;;
;;;
;;;
;;;
;;;
;;;
;;;
;;;
;;;
;;;
;;;
;;;
;;;
;;;
;;;
;;;
;;;
;;;
;;;
;;;
;;;
;;;
;;;
;;;
;;;
;;;
;;;
;;;
;;;
;;;
;;;
;;;
;;;
;;;
;;;
;;;
;;;
;;;
;;;
;;;
;;;
;;;
;;;
;;;
;;;
;;;
;;;
;;;
;;;
;;;
;;;
;;;
;;;
;;;
;;;
;;;
;;;
;;;
;;;
;;;
;;;
;;;
;;;
;;;
;;;
;;;
;;;
;;;
;;;
;;;
;;;
;;;
;;;
;;;
;;;
;;;
;;;
;;;
;;;
;;;
;;;
;;;
;;;
;;;
;;;
;;;
;;;
;;;
;;;
;;;
;;;
;;;
;;;
;;;
;;;
;;;
;;;
;;;
;;;
;;;
;;;
;;;
;;;
;;;
;;;
;;;
;;;
;;;
;;;
;;;
;;;
;;;
;;;
;;;
;;;
;;;
;;;
;;;
;;;
;;;
;;;
;;;
;;;
;;;
;;;
;;;
;;;
;;;
;;;
;;;
;;;
;;;
;;;
;;;
;;;
;;;
;;;
;;;
;;;
;;;
;;;
;;;
;;;
;;;
;;;
;;;
;;;
;;;
;;;
;;;
;;;
;;;
;;;
