Incident_ID;Injury;Gender;School_Affiliation;Age;Race
20240326NJWEN;Wounded;Male;Student;17;
20240326NJWEN;Wounded;Male;Student;15;
20240326NJWEN;Non-gunshot Injury;;Student;Teen;
20240325HIWAW;Wounded;Female;No Relation;21;
20240321NJMAN;Fatal;Male;No Relation;Adult;
20240320OHBOC;Wounded;Male;No Relation;18;
20240320ILBUC;Fatal;Male;;14;
20240319DETHW;Wounded;Male;;17;
20240316TNKEC;Wounded;Female;Nonstudent Using Athletic Facilities/Attending Game;Adult;
20240314OHLOD;Fatal;Male;No Relation;16;
20240314OHLOD;Fatal;Male;No Relation;14;
20240313WAGAS;Wounded;Female;Student;17;
20240313MDWIB;Fatal;Female;No Relation;49;
20240311TXCHT;Fatal;;Nonstudent Using Athletic Facilities/Attending Game;1;
20240307NYPSB;Fatal;Male;;17;
20240305INHAL;Wounded;Male;No Relation;14;
20240304TNBRB;Non-gunshot Injury;Female;Student;Teen;
20240302MONOK;Wounded;;Student;Teen;
20240302MONOK;Wounded;;Nonstudent Using Athletic Facilities/Attending Game;Adult;
20240301LACAC;Fatal;Male;Student;18;
20240228NCWAG;Wounded;Male;No Relation;27;
20240226TXODO;Wounded;Female;Student;Teen;
20240221AZCAT;Wounded;Female;No Relation;Adult;
20240220ALPEP;Non-gunshot Injury;Male;Student;Teen;
20240215FLSHC;Non-gunshot Injury;;Student;Child;
20240214GABEA;Wounded;;Student;17;
20240214GABEA;Wounded;;Student;18;
20240214GABEA;Wounded;;Student;17;
20240214GABEA;Wounded;;Student;18;
20240213TNRAM;Non-gunshot Injury;Female;Student;Teen;
20240212OHBEB;Non-gunshot Injury;Male;Student;Teen;
20240212IDCOI;Fatal;;No Relation;;
20240212IDCOI;Wounded;;No Relation;;
20240212IDCOI;Wounded;;No Relation;;
20240212IDCOI;Non-gunshot Injury;;No Relation;;
20240212CAELC;Fatal;Male;No Relation;14;
20240212CAELC;Wounded;Male;No Relation;Teen;
20240211CAMAB;Fatal;Male;No Relation;Adult;
20240209GATRE;Fatal;Male;Student;15;
20240209GATRE;Non-gunshot Injury;Male;Student;Teen;
20240208MDBEB;None;Male;Student;Teen;
20240208TNMEN;Fatal;Male;No Relation;16;
20240208TNMEN;Fatal;Male;No Relation;17;
2024207TXKUH;Fatal;Male;No Relation;Adult;
20240206TNNOC;Wounded;;;;
20240201TNHAN;None;Male;Student;14;
20240201GAMCP;Wounded;Male;Nonstudent;21;
20240201GAMCP;Wounded;;Nonstudent;Teen;
20240131CADUD;Wounded;Female;Student;Teen;
20240131ILCHC;Fatal;Male;Student;16;
20240131ILCHC;Wounded;Male;Student;16;
20240131ILCHC;Wounded;Male;Student;15;
20240130CAGRS;Wounded;Male;Student;17;
20240130ALLEM;Wounded;Male;Student;15;
20240130ALLEM;Wounded;Male;Student;17;
20240129TXCOA;Wounded;Male;Student;Teen;
20240126ILINC;Fatal;Male;Student;16;Black
20240126ILINC;Fatal;Male;Student;17;Black
20240124TNWEM;Fatal;Male;Parent;24;
20240122ILCIC;Fatal;Male;Student;18;Black
20240122ILCIC;Wounded;Male;Relative;27;Black
20240117MDCHE;Fatal;Male;Other Staff;37;Hispanic
20240113INLAF;Fatal;Male;;Child;
20240112OHROD;Fatal;Male;Nonstudent Using Athletic Facilities/Attending Game;20;
20240111FLNOM;Wounded;Male;Student;15;
20240111LABOB;Fatal;Male;Student;14;
20240111LABOB;Wounded;Male;Student;13;
20240109TXACH;Fatal;Male;No Relation;Adult;
20240108MSSIS;Wounded;Male;Student;16;
20240104IAPEP;Fatal;Male;Student;11;
20240104IAPEP;Wounded;;Student;;
20240104IAPEP;Wounded;;Student;;
20240104IAPEP;Wounded;;Student;;
20240104IAPEP;Wounded;;Student;;
20240104IAPEP;Fatal;Male;Other Staff;Adult;56
20240104IAPEP;Wounded;;Other Staff;Adult;
20240104IAPEP;Wounded;;Other Staff;Adult;
20240103VAMAM;Wounded;Female;Student;18;
20231226RIEME;Wounded;Male;Nonstudent Using Athletic Facilities/Attending Game;Adult;
20231220NJKIN;Wounded;;;13;
20231219COLEC;Wounded;;No Relation;;
20231219COLEC;Wounded;;No Relation;;
20231219TXCYK;Fatal;Male;Student;17;
20231208MONOS;Wounded;Female;No Relation;Adult;
20231208VAWOW;Non-gunshot Injury;Male;Student;17;
20231208VAWOW;Non-gunshot Injury;Female;Student;17;
20231208VAWOW;Non-gunshot Injury;;Student;Teen;
20231208NMATA;Fatal;Male;Student;16;
20231205TXNOA;Wounded;Male;Police Officer/SRO;Adult;
20231201OHNOC;Wounded;Male;No Relation;62;
20231201DCKIW;Wounded;Male;Student;17;
20231128TXNOH;Wounded;Male;Student;16;
20231126OHEDD;Wounded;Male;;15;
20231123OHSOC;Wounded;Male;Nonstudent Using Athletic Facilities/Attending Game;30;
20231119ILURU;Wounded;Male;No Relation;21;
20231116OHSTC;Fatal;Male;No Relation;25;
2023113KYJEL;Non-gunshot Injury;Female;Other Staff;Adult;
20231113NJCEN;Wounded;Male;Student;15;
20231110CAVAV;Wounded;Male;Student;Teen;
20231109NVLAL;Fatal;Male;No Relation;Adult;
20231109ALESA;Wounded;Male;Nonstudent Using Athletic Facilities/Attending Game;Teen;
20231109ALESA;Wounded;Male;Nonstudent Using Athletic Facilities/Attending Game;Teen;
20231103INKII;Fatal;Male;Student;15;
20231102ALSMS;None;Male;Student;Teen;
20231102ALSMS;None;Female;Other Staff;Adult;
20231030NCRAR;Non-gunshot Injury;;Other Staff;Adult;
20231030NCRAR;Non-gunshot Injury;;Student;Teen;
20231027TXDUS;Wounded;Female;Nonstudent Using Athletic Facilities/Attending Game;Adult;
20231027LADOD;Fatal;Male;Nonstudent Using Athletic Facilities/Attending Game;Adult;
20231027LADOD;Wounded;Male;Nonstudent Using Athletic Facilities/Attending Game;Adult;
20231027MDCAB;Wounded;Male;Student;Teen;
20231027MIDED;Wounded;Male;Student;15;
20231026CALEL;Wounded;Male;Nonstudent Using Athletic Facilities/Attending Game;Adult;
20231024MDEDW;Wounded;Male;Nonstudent Using Athletic Facilities/Attending Game;Teen;
20231026FLNFJ;Wounded;Female;No Relation;Adult;
20231020FLLIT;Non-gunshot Injury;Male;Student;Teen;
20231019TXNAA;Wounded;Male;Student;Teen;
20231019CAGRF;Wounded;Male;No Relation;15;
20231015OHEAT;Wounded;Male;Nonstudent Using Athletic Facilities/Attending Game;26;
20231015TXFRD;Fatal;Male;No Relation;30;
20231015TXFRD;Wounded;Male;No Relation;24;
20231013OHCLC;Wounded;Male;Student;15;
20231011CAMAL;Wounded;Male;No Relation;Adult;Latino
20231011FLMIM;Fatal;Male;No Relation;Adult;
20231011TXSEF;Fatal;Female;Other Staff;56;
20231010SCDAD;Fatal;Male;Student;16;
20231006MIOAO;Wounded;Male;Student;Teen;
20231006MIOAO;Wounded;Male;Student;Teen;
20231004COROD;Wounded;Male;Parent;Adult;
20231004GASAS;Wounded;Male;Student;Teen;
20231002CAALL;Wounded;Male;Student;16;
20230930GAGRG;Fatal;Male;Student;14;
20230929NCDUG;Non-gunshot Injury;;;;
20230929NCDUG;Non-gunshot Injury;;;;
20230929NCDUG;Wounded;Female;Student;Teen;
20230929NCDUG;Wounded;Male;Nonstudent Using Athletic Facilities/Attending Game;Adult;
20230925MDGIB;Fatal;Male;No Relation;15;
20230923OHMAC;None;Female;;Adult;
20230922TNWEM;Wounded;Male;Student;13;
20230920ILVOC;Wounded;Male;No Relation;15;
20230919TXKEB;Non-gunshot Injury;Male;Student;10;
20230919FLWOP;Wounded;Male;;Adult;
20230916OHEAC;Wounded;Male;No Relation;21;
20230915ILHIC;Fatal;Male;Student;14;
20230915MDJAB;Wounded;Female;No Relation;14;
20230915MDJAB;Wounded;Male;No Relation;17;
20230913GALAA;Wounded;Female;Parent;Adult;
20230913DCLIW;Wounded;Male;;Adult;
20230912WAEIY;Wounded;Male;Student;14;
20230912LASTG;Fatal;Male;Student;16;
20230912LASTG;Wounded;;Student;Teen;
20230912LASTG;Wounded;;Student;Teen;
20230911MDDUL;Fatal;Female;Student;16;
20230909NYPRU;Wounded;Male;Security Guard;Adult;
20230901MDDUB;Wounded;Male;Student;12;
20230901ILMOC;Wounded;Male;Student;15;
20230901ILMOC;Wounded;Female;Student;16;
20230901LAPOP;Fatal;Male;Student;16;
20230901LAPOP;Wounded;Female;Nonstudent Using Athletic Facilities/Attending Game;28;
20230831KSWEW;Non-gunshot Injury;;Student;Teen;
20230831KSWEW;Non-gunshot Injury;;Student;Teen;
20230831KSWEW;Non-gunshot Injury;;Student;Teen;
20230831MSBRB;None;Male;Student;Child;
20230825CADRL;Wounded;Female;Other Staff;Adult;
20230825OKCHC;Wounded;Female;Student;Teen;
20230825OKCHC;Fatal;Male;Student;16;
20230825OKCHC;Wounded;Male;Nonstudent Using Athletic Facilities/Attending Game;42;
20230825OKCHC;Non-gunshot Injury;Female;Student;;
20230825OKCHC;Non-gunshot Injury;Female;Student;;
20230824NMRAT;Fatal;Male;;Adult;
20230824VAWAP;Fatal;Male;No Relation;19;
20230824AZPHP;Non-gunshot Injury;;Student;Child;
20230824VAKEV;Wounded;Male;;16;
20230824VAKEV;Wounded;Male;;19;
20230823MDTOT;Wounded;Male;Student;Teen;
20230818GANOK;Wounded;Male;Student;17;
20230818CAETR;Wounded;Male;Student;16;
20230818GAJOJ;Wounded;Male;Student;18;
20230818MSPAP;Wounded;Male;Student;16;
20230816GAJOA;Wounded;Male;Student;Teen;
20230731TNMAM;None;Male;Other Staff;Adult;
20230726DCMAW;Fatal;Male;Nonstudent Using Athletic Facilities/Attending Game;;
20230725TNFRM;Wounded;Male;Security Guard;Adult;
20230725NCJUC;Wounded;Male;No Relation;Adult;
20230724PAJOH;Fatal;Male;No Relation;26;
20230718NYFRB;Fatal;Male;Student;15;
20230716GALOH;Fatal;Female;No Relation;19;
20230714NYKIT;Wounded;Male;No Relation;16;
20230714TXJAS;None;Male;No Relation;28;
20230708ALWOB;Fatal;Female;No Relation;20;
20230708ALWOB;Wounded;Female;No Relation;Adult;
20230707MDPIP;Fatal;Female;No Relation;45;
20230706OHHUC;Wounded;Male;No Relation;Adult;
20230702MNUNF;Non-gunshot Injury;Male;Student;Child;
20230623NMKEA;Wounded;Male;Other Staff;Adult;
20230613PAJUP;Wounded;Male;No Relation;24;
20230612NJRIM;Fatal;Male;No Relation;20;
20230612GAKEC;Wounded;Male;;;
20230609DCTUW;Wounded;Male;No Relation;Adult;
20230606VAHUR;Fatal;Male;Student;18;
20230606VAHUR;Fatal;Male;Relative;31;
20230606VAHUR;Wounded;Male;Relative;14;
20230606VAHUR;Wounded;Male;Relative;42;
20230606VAHUR;Wounded;Male;Relative;55;
20230606VAHUR;Wounded;Male;Relative;58;
20230606VAHUR;Wounded;;Relative;31;
20230606VAHUR;Non-gunshot Injury;Female;Relative;7;
20230602MAWOW;Wounded;Male;No Relation;22;
20230601TXCAF;Wounded;Male;No Relation;Adult;
20230531CABAB;Fatal;Male;;20;Black
20230528GABEA;Fatal;Female;Student;16;
20230528GABEA;Wounded;Male;Student;16;
20230525OHBEC;Wounded;Male;Nonstudent Using Athletic Facilities/Attending Game;Adult;
20230525MNWAM;Non-gunshot Injury;Male;Student;15;
20230525MNWAM;Non-gunshot Injury;Male;Student;16;
20230524NCJHG;Wounded;Male;Nonstudent Using Athletic Facilities/Attending Game;18;
20230524PAOLP;Fatal;Male;Student;15;
20230522DCKID;Wounded;Male;Student;18;
20230521NJCEN;Wounded;Male;;13;
20230519NYPSS;Wounded;Male;Student;13;
20230518WAGAS;Wounded;Male;Student;19;
20230517DCTHW;Fatal;Male;Student;17;
20230516NJSCP;None;Male;Security Guard;Adult;
20230516OHEAC;Wounded;Male;Student;12;
20230512DCKEW;Wounded;Male;No Relation;Adult;
20230511MDNOF;Fatal;Male;No Relation;18;
20230510NYPSQ;Wounded;Female;Nonstudent Using Athletic Facilities/Attending Game;16;
20230509CACAO;Wounded;Male;;Teen;
20230509CACAO;Wounded;Female;;Adult;
20230508SCSUS;None;Female;Student;Teen;
20230508NVVOL;Wounded;Male;Other Staff;Adult;
20230506SCCOL;Wounded;Female;Student;14;
20230505INLIE;Wounded;Male;No Relation;Adult;
20230502AZRAM;Wounded;Male;No Relation;Adult;
20230501MDPRS;Non-gunshot Injury;Male;Student;14;
20230501MIINF;Wounded;Female;Parent;27;
20230430KYPAP;Wounded;Male;Nonstudent;20;
20230430KYPAP;Wounded;Female;Student;18;
20230430KYPAP;Wounded;Female;Student;14;
20230430KYPAP;Wounded;Male;Student;17;
20230428TNWEK;Wounded;;Teacher;Adult;
20230427VAGER;Wounded;Male;Student;Teen;
20230427VAGER;Wounded;Male;Student;Teen;
20230425CAKIL;Fatal;Male;No Relation;Adult;
20230418TXRIH;Fatal;Male;No Relation;Adult;
20230418TXRIH;Wounded;Female;No Relation;Adult;
20230414AZDEP;Fatal;Male;No Relation;Adult;
20230412TXLOH;Wounded;Male;Student;14;
20230412CACES;Fatal;Male;Student;17;
20230412CACES;Non-gunshot Injury;Male;Student;16;
20230407WACHS;Fatal;Male;No Relation;Adult;
20230406NCSOW;Wounded;Male;Student;16;
20230405SCHOG;None;Male;Nonstudent Using Athletic Facilities/Attending Game;Teen;
20230404OHWOC;Wounded;Male;Student;17;
20230404OHWOC;Wounded;Male;Student;Teen;
20230403PAFAP;Wounded;Male;Nonstudent;16;
20230403PAFAP;Wounded;Male;Nonstudent;17;
20230331MSGNJ;Wounded;;;Adult;
20230331MSGNJ;Wounded;;;Adult;
20230331CAWOC;Wounded;;;Child;
20230331DCCAD;Wounded;Male;Student;Teen;
20230327TNCON;Fatal;Female;Student;9;
20230327TNCON;Fatal;Male;Student;9;
20230327TNCON;Fatal;Female;Student;9;
20230327TNCON;Fatal;Male;Teacher;61;
20230327TNCON;Fatal;Female;Teacher;61;
20230327TNCON;Fatal;Female;Other Staff;60;
20230327TNCON;Wounded;;Police Officer/SRO;Adult;
20230322ALANA;Wounded;Male;Student;18;
20230322COEAD;Wounded;Male;Other Staff;Adult;
20230322COEAD;Wounded;Male;Other Staff;Adult;
20230321TXTHD;Wounded;Male;Student;Teen;
20230320TXLAA;Fatal;Male;Student;16;
20230320TXLAA;Wounded;Female;Student;16;
20230316NCLOD;None;Male;Student;Teen;
20230316NYPSB;Wounded;Male;No Relation;16;
20230315COINB;Wounded;Male;Student;Teen;
20230315CALIG;Wounded;Male;Student;15;
20230315CALIG;Wounded;Male;Student;17;
20230314NYHAN;Wounded;Male;Student;16;
20230314NYHAN;Wounded;Male;No Relation;27;
20230314NYMAM;Wounded;Male;Student;17;
20230309OHMAM;Wounded;Male;;17;
20230308PAHEP;Wounded;Male;No Relation;21;
20230307INTHI;Fatal;Male;Nonstudent Using Athletic Facilities/Attending Game;19;
20230306NYPAN;Wounded;Male;Student;15;
20230306TXPAA;Wounded;Male;Student;Teen;
20230306MISTR;Wounded;Male;Parent;40;
20230306MDPAB;Fatal;Male;Student;16;
20230303MTGAL;Non-gunshot Injury;;Other Staff;Adult;
20230301GASAS;Wounded;Male;Student;15;
20230301ILSAC;Fatal;Male;Police Officer/SRO;32;
20230227CAGAC;Fatal;Male;No Relation;Adult;
20230223OHWOC;Wounded;Male;Student;17;
20230217NCERE;None;Male;Student;9;
20230217ILCAC;Wounded;Female;Student;17;
20230216TXGAG;Fatal;Male;Student;17;
20230215OHCOC;None;Male;Student;Teen;
20230215MDWAB;Wounded;Female;Student;15;
20230213COEMD;Wounded;Male;Student;17;
20230213COEMD;Wounded;Male;;Adult;
20230214PAWEP;Wounded;Female;Student;15;
20230214PAWEP;Wounded;Male;Student;15;
20230214PAWEP;Wounded;Male;Student;15;
20230214PAWEP;Wounded;Male;Student;17;
20230213COEAD;Fatal;Male;Student;16;
20230213TXDAD;Fatal;Male;Student;15;
20230210CAHEF;Wounded;Female;Other Staff;Adult;
20230208NYWIB;Wounded;Male;Student;17;
20230208NYWIB;Wounded;Female;Student;15;
20230208NYWIB;Wounded;Male;Security Guard;37;
20230206FLMIM;Wounded;Male;Student;18;
20230130DCCOW;Fatal;Male;Other Staff;Adult;
20230130AZGIY;Non-gunshot Injury;Male;Student;Teen;
20230130AZGIY;Non-gunshot Injury;Male;Student;Teen;
20230128MOGLS;Wounded;Male;No Relation;Adult;
20230127NJHOW;None;;Nonstudent;Teen;
20230124MOTHK;Wounded;;Other Staff;Adult;
20230123TXABA;Non-gunshot Injury;;Student;Child;
20230123TXABA;Non-gunshot Injury;;Student;Child;
20230123IASTD;Fatal;;Student;18;Black
20230123IASTD;Fatal;;Student;16;Black
20230123IASTD;Wounded;;Other Staff;Will Holmes;Black
20230122WAMOT;Wounded;;No Relation;Adult;
20230122WAMOT;Wounded;;No Relation;Adult;
20230120MNWAS;Wounded;Female;Other Staff;Adult;
20230119NYEAB;Wounded;Male;Student;15;
20230118NYCAQ;Wounded;Female;Student;16;
20230118NYCAQ;Wounded;Male;Student;14;
20230118OKDED;Wounded;Male;Nonstudent Using Athletic Facilities/Attending Game;Teen;
20230111VTSPV;Non-gunshot Injury;;Teacher;Adult;
20230110UTWES;Wounded;;Student;Teen;
20230110LABON;Wounded;Male;Student;16;
20230110OHJOC;Fatal;Male;Student;18;
20230107ORFRP;Wounded;Male;Student;Teen;
20230106MDBEB;Wounded;Male;Student;16;
20230106MDBEB;Wounded;Female;Student;17;
20230106MIOAD;Wounded;Male;Student;Teen;
20230106FLWEA;Wounded;Male;Student;Teen;
20230106VARIN;Wounded;Female;Teacher;Adult;
20230105NYFRR;None;Male;Student;16;
20230104MITRD;Fatal;Male;No Relation;Adult;
20221216ILBEC;Fatal;Male;Student;14;
20221216ILBEC;Fatal;Male;Student;15;
20221216ILBEC;Wounded;Male;Student;15;
20221216ILBEC;Wounded;Female;Student;15;
20221212ORGRP;Wounded;Male;Student;16;
20221209PAMEP;Fatal;Male;No Relation;31;
20221208MDSUD;Wounded;Male;Student;15;
20221206MOCOS;None;Female;Student;Teen;
20221206ILMIC;Fatal;15;Student;15;Black
20221205TNFRM;Wounded;Male;Student;15;Black
20221203WISOM;Fatal;Male;Student;16;
20221121MIHED;Wounded;Male;;Teen;
20221121MIHED;Wounded;Male;;Teen;
20221117INSOC;Wounded;Male;Student;17;
20221116NCLUL;Wounded;Female;Nonstudent Using Athletic Facilities/Attending Game;43;
20221115TNMAN;Wounded;Female;No Relation;19;Black
20221112FLJOO;Fatal;Male;Former Student;19;
20221112FLJOO;Wounded;Male;Nonstudent Using Athletic Facilities/Attending Game;Adult;
20221112FLJOO;Wounded;Male;Nonstudent Using Athletic Facilities/Attending Game;Adult;
20221111MSRAR;Wounded;Female;Nonstudent Using Athletic Facilities/Attending Game;21;Black
20221108WAINS;Fatal;Male;Student;17;
20221105TXDAF;Wounded;Female;Police Officer/SRO;Adult;
20221103GASHS;Wounded;;;;
20221029TXAVA;Wounded;Male;No Relation;;
20221028TXROR;Non-gunshot Injury;Male;Student;Teen;
20221026ILMIW;Wounded;Male;No Relation;16;
20221025NYTOS;Wounded;Male;Student;Teen;
20221024MOCES;Fatal;Female;Student;Teen;
20221024MOCES;Fatal;Female;Teacher;61;
20221024MOCES;Wounded;;Student;Teen;
20221024MOCES;Wounded;;Student;Teen;
20221024MOCES;Wounded;;Student;Teen;
20221024MOCES;Wounded;;Student;Teen;
20221024MOCES;Wounded;;Student;Teen;
20221024MOCES;Wounded;;Student;Teen;
20221024MOCES;Wounded;;Student;Teen;
20221022OHDUC;Wounded;Female;No Relation;17;
20221022ILCHC;Fatal;Male;No Relation;16;
20221022ILCHC;Wounded;Female;No Relation;13;
20221021OHSHS;Wounded;Male;No Relation;Adult;
20221021CAGRS;Fatal;Male;Nonstudent Using Athletic Facilities/Attending Game;24;
20221020PAPAP;Wounded;Male;No Relation;Adult;
20221019TNROR;Wounded;Female;;17;
20221018NVSUL;Fatal;Male;No Relation;Adult;
20221018ORJEP;Wounded;Male;Student;Teen;
20221018ORJEP;Wounded;Male;Student;Teen;
20221016VAFAR;Wounded;Male;No Relation;Adult;
20221016VAFAR;Wounded;Male;No Relation;Adult;
20221016VAFAR;Wounded;Male;No Relation;Adult;
20221014NCJAG;Wounded;Male;Nonstudent Using Athletic Facilities/Attending Game;Adult;
20221014VAWER;Fatal;Female;;Adult;
20221014VAWER;Wounded;Male;;Adult;
20221014LABOB;Fatal;Male;Student;15;
20221013NYSCB;Wounded;Male;No Relation;30;
20221010WIJAM;Wounded;Male;Nonstudent;Teen;
20221009MAWAA;Wounded;Male;No Relation;20;
20221007NCJHG;Wounded;Male;Student;17;
20221007OHWHT;Wounded;Male;Student;Teen;
20221007OHWHT;Wounded;Female;Nonstudent Using Athletic Facilities/Attending Game;Adult;
20221007OHWHT;Wounded;Male;Nonstudent Using Athletic Facilities/Attending Game;Adult;
20221004MAJB;Wounded;Male;Student;17;
20221001CACOO;Wounded;Male;Nonstudent Using Athletic Facilities/Attending Game;34;
20220930OKMCT;Fatal;Male;Student;17;
20220930OKMCT;Wounded;Male;Student;17;
20220930OKMCT;Wounded;Female;Nonstudent Using Athletic Facilities/Attending Game;20;
20220930OKMCT;Wounded;Female;Nonstudent Using Athletic Facilities/Attending Game;9;
20220930NYNEN;Wounded;Female;Nonstudent Using Athletic Facilities/Attending Game;43;
20220930NYNEN;Wounded;Female;Student;17;
20220930NYNEN;Wounded;Male;Nonstudent Using Athletic Facilities/Attending Game;21;
20220928CARUO;Fatal;;Other Staff;Adult;
20220928CARUO;Wounded;;Student;Teen;
20220928CARUO;Wounded;;Student;Teen;
20220928CARUO;Wounded;;Student;Teen;
20220928CARUO;Wounded;;Teacher;Adult;
20220928CARUO;Wounded;;Police Officer/SRO;Adult;
20220927PAROP;Fatal;Male;Student;14;
20220927PAROP;Wounded;Male;Student;14;
20220927PAROP;Wounded;Male;Student;17;
20220927PAROP;Wounded;Male;Student;Teen;
20220927PAROP;Wounded;Male;Student;Teen;
20220927TXHGD;Wounded;Male;Student;Teen;
20220926GAVAV;Wounded;Male;Student;17;
20220923CANOC;Wounded;Male;Nonstudent Using Athletic Facilities/Attending Game;;
20220923WIROM;Wounded;Male;No Relation;38;
20220923DEAPM;Wounded;Male;Student;16;
20220923DEAPM;Wounded;Female;Student;17;
20220923MNRIM;Wounded;Male;Nonstudent Using Athletic Facilities/Attending Game;18;
20220923MNRIM;Wounded;Male;Nonstudent Using Athletic Facilities/Attending Game;21;
20220917GAJOA;Wounded;Male;Nonstudent Using Athletic Facilities/Attending Game;;
20220917GAJOA;Wounded;;Nonstudent Using Athletic Facilities/Attending Game;;
20220916NYPSN;Non-gunshot Injury;;Student;Child;
20220916NYPSN;Non-gunshot Injury;;Student;Child;
20220916NYPSN;Non-gunshot Injury;;Student;Child;
20220916NYPSN;Non-gunshot Injury;;Student;Child;
20220916NYPSN;Non-gunshot Injury;;Student;Child;
20220913MDOXO;Wounded;;;;
20220913CAVAV;Wounded;Male;Other Staff;Adult;
20220909WIWIR;Wounded;Female;Student;Teen;
20220907MDCAB;Wounded;Male;Student;15;
20220906IANOS;Non-gunshot Injury;;Student;Teen;
20220906IANOS;Non-gunshot Injury;;Student;Teen;
20220906IANOS;Non-gunshot Injury;;Student;Teen;
20220906IANOS;Non-gunshot Injury;;Student;Teen;
20220906IANOS;Non-gunshot Injury;;Other Staff;Adult;
20220904FLBOL;Wounded;;Nonstudent Using Athletic Facilities/Attending Game;18;
20220904FLBOL;Wounded;;Nonstudent Using Athletic Facilities/Attending Game;Teen;
20220904FLBOL;Wounded;;Nonstudent Using Athletic Facilities/Attending Game;Teen;
20220904FLBOL;Wounded;;Nonstudent Using Athletic Facilities/Attending Game;Teen;
20220902MDMEB;Fatal;Male;Student;17;Black
20220831DCIDW;Wounded;Male;Student;Teen;
20220831DCIDW;Wounded;Male;Student;Teen;
20220831PAFRP;Wounded;Male;No Relation;20;
20220831PAFRP;Wounded;Female;No Relation;20;
20220831PAFRP;Wounded;Male;No Relation;17;
20220829CAMAO;Wounded;Male;Student;13;
20220823OHINC;Non-gunshot Injury;;Teacher;Adult;
20220823OHINC;Non-gunshot Injury;;Teacher;Adult;
20220823OHINC;Non-gunshot Injury;;Teacher;Adult;
20220809PACHP;Fatal;Male;No Relation;28;
20220809PACHP;Wounded;Male;No Relation;Adult;
20220803PALEP;Fatal;Male;No Relation;26;
20220803PALEP;Wounded;Male;No Relation;24;
20220731CAOAO;Wounded;Female;Nonstudent Using Athletic Facilities/Attending Game;6;
20220731CAOAO;Wounded;Female;Nonstudent Using Athletic Facilities/Attending Game;Adult;
20220731CAOAO;Wounded;Male;Nonstudent Using Athletic Facilities/Attending Game;Adult;
20220725NYBRB;Wounded;Female;Nonstudent Using Athletic Facilities/Attending Game;12;
20220725NYBRB;Wounded;Male;Nonstudent Using Athletic Facilities/Attending Game;16;
20220716GAAPF;Wounded;Male;No Relation;19;
20220629CABUA;Fatal;Male;No Relation;Adult;
20220620ILGRC;Wounded;Female;No Relation;34;
20220620ILGRC;Wounded;Male;No Relation;16;
20220620ILGRC;Wounded;Female;No Relation;17;
20220609ALWAG;Fatal;Male;No Relation;32;Black
20220609ALWAG;Non-gunshot Injury;Male;Police Officer/SRO;Adult;
20220605INWEG;Wounded;Male;;19;
20220605INWEG;Wounded;Female;;19;
20220601CAULL;Wounded;Male;Student;16;
20220531LAMON;Wounded;Male;Relative;Adult;
20220531LAMON;Wounded;Male;Relative;Adult;
20220531LAMON;Fatal;Female;Relative;80;Black
20220530CAHEL;Wounded;Male;No Relation;20;
20220529ILDAC;Wounded;Male;;21;
20220529ILDAC;Wounded;Male;;21;
20220529ILDAC;Wounded;Female;;21;
20220529ILDAC;Wounded;Female;;16;
20220529ILDAC;Wounded;Male;;33;
20220526SCMEG;Fatal;Male;No Relation;31;
20220524TXROU;Wounded;;;;
20220524TXROU;Fatal;;Student;Child;
20220524TXROU;Wounded;;Student;Child;
20220524TXROU;Fatal;;Student;Child;
20220524TXROU;Fatal;;Student;Child;
20220524TXROU;Wounded;;;;
20220524TXROU;Fatal;;Student;Child;
20220524TXROU;Wounded;;;;
20220524TXROU;Wounded;;Student;Child;
20220524TXROU;Wounded;;;;
20220524TXROU;Fatal;;Student;Child;
20220524TXROU;Fatal;;Student;Child;
20220524TXROU;Fatal;;Student;Child;
20220524TXROU;Wounded;;;;
20220524TXROU;Fatal;;Student;Child;
20220524TXROU;Wounded;;;;
20220524TXROU;Wounded;;Student;Child;
20220524TXROU;Fatal;;Student;Child;
20220524TXROU;Wounded;;;;
20220524TXROU;Fatal;;Student;Child;
20220524TXROU;Fatal;;Student;Child;
20220524TXROU;Fatal;;Student;Child;
20220524TXROU;Wounded;;;;
20220524TXROU;Wounded;;;Adult;
20220524TXROU;Fatal;;Student;Child;
20220524TXROU;Wounded;;;;
20220524TXROU;Fatal;;Student;Child;
20220524TXROU;Fatal;Female;Teacher;Adult;
20220524TXROU;Fatal;;Student;Child;
20220524TXROU;Wounded;;;;
20220524TXROU;Wounded;;;;
20220524TXROU;Fatal;;Student;Child;
20220524TXROU;Wounded;;;;
20220524TXROU;Fatal;;Student;Child;
20220524TXROU;Fatal;;Teacher;Adult;
20220524TXROU;Fatal;;Student;Child;
20220524TXROU;Wounded;;;;
20220524TXROU;Fatal;;Student;Child;
20220524TXROU;Wounded;;;;
20220524DCPOW;Wounded;Male;No Relation;19;
20220523PASIP;Wounded;Male;Student;15;
20220523PASIP;Wounded;Male;Student;16;
20220523PASIP;Wounded;Male;Student;17;
20220520VAPOD;None;Male;Student;Teen;
20220520TNEAC;Fatal;Male;No Relation;25;
20220520OHCAC;Non-gunshot Injury;;Bus Driver;Adult;
20220519MIEAK;Wounded;Female;Relative;40;
20220519MIEAK;Wounded;Male;Relative;16;
20220519LAHAH;Wounded;;;Adult;
20220519LAHAH;Wounded;;;Adult;
20220519LAHAH;Non-gunshot Injury;;;Adult;
20220519LAHAH;Wounded;;;Adult;
20220518TNRIM;Fatal;Male;Student;18;
20220518TNRIM;Wounded;;;;
20220517ILWAC;Wounded;Male;Student;7;
20220515NHBEB;Non-gunshot Injury;Male;No Relation;13;
20220515NHBEB;Non-gunshot Injury;Female;No Relation;12;
20220515ILMEP;Wounded;Male;No Relation;17;
20220513GASOM;Wounded;Male;;21;
20220513FLALW;Fatal;Male;Former Student;33;
20220512TXHEH;Wounded;;Student;Teen;
20220512ARHOH;Wounded;;;;
20220512ARHOH;Wounded;;;;
20220512ARHOH;Fatal;Male;;39;
20220511FLJAJ;Wounded;Male;Student;17;
20220509NYEDS;Fatal;Male;;26;
20220509GARIS;Non-gunshot Injury;Female;Bus Driver;Adult;
20220501VALOM;Wounded;Male;Nonstudent Using Athletic Facilities/Attending Game;Adult;
20220501VALOM;Wounded;Male;Nonstudent Using Athletic Facilities/Attending Game;Adult;
20220501OHHAC;Fatal;Male;;Adult;
20220430PAMCJ;None;Male;Nonstudent Using Athletic Facilities/Attending Game;Adult;
20220427TXMOS;Wounded;Male;No Relation;Adult;
20220426GASOM;Fatal;Male;;15;Black
20220424MOHAF;Fatal;Male;No Relation;Adult;
20220422DCEDW;Wounded;Female;Parent;Adult;
20220422DCEDW;Wounded;Female;Student;12;
20220422DCEDW;Non-gunshot Injury;Female;Student;16;
20220422DCEDW;Wounded;Male;Security Guard;Adult;
20220422DCEDW;Wounded;Female;No Relation;Adult;
20220421NDMOM;Fatal;Male;;34;
20220416IAMED;Wounded;;;Adult;
20220415VAGAW;Wounded;Female;Student;Teen;
20220414MSNEP;Wounded;Male;Student;Teen;
20220414MSNEP;Non-gunshot Injury;Male;Student;Teen;
20220414MSNEP;Wounded;Male;Student;Teen;
20220413MISHS;Non-gunshot Injury;;Student;Child;
20220410MALYL;Fatal;Male;No Relation;20;
20220406WASTM;None;;Student;Child;
20220406WASTM;None;;Student;Child;
20220406ORROP;Wounded;;;Adult;
20220405PAERE;Wounded;;Student;Teen;
20220403INBLB;Wounded;Male;;17;
20220331SCTAG;Fatal;Male;Student;12;Black
20220330AZKIK;Wounded;Male;Student;15;
20220329NVWEL;Wounded;Male;Student;16;
20220329NVWEL;Wounded;Male;Nonstudent;Teen;
20220329NVWEL;Non-gunshot Injury;Female;Student;Teen;
20220328NCOAC;Wounded;Male;No Relation;16;
20220322FLNEN;Non-gunshot Injury;Female;Other Staff;Adult;
20220321MIMAK;None;Male;Parent;Adult;
20220319ALCEL;None;Male;No Relation;Adult;
20220318RICEP;Non-gunshot Injury;;Other Staff;Adult;
20220318ILBAB;Non-gunshot Injury;Male;Student;Teen;
20220318ILBAB;Non-gunshot Injury;Male;Student;Teen;
20220315WAEIY;Fatal;Male;Student;16;
20220315WAEIY;Wounded;Male;Student;18;
20220315MDPAB;Wounded;Male;Student;18;
20220315MATEB;Wounded;;Student;17;
20220315MATEB;Wounded;;Teacher;31;
20220311OHFAP;None;Male;No Relation;43;
20220311CADER;Non-gunshot Injury;Male;Student;Teen;
20220310TNHAM;None;;Student;Child;
20220310TNHAM;None;;Student;Child;
20220310TNHAM;None;;Student;Child;
20220310TNHAM;None;;Student;Child;
20220310TNHAM;None;;Student;Child;
20220310MDCOL;Fatal;Male;;Adult;
20220309TXNOH;Wounded;Female;Student;17;
20220309FLNOM;Wounded;Male;Student;17;
20220309FLNOM;Wounded;Male;Student;18;
20220309FLNOM;Wounded;;Student;Teen;
20220307IAEAD;Fatal;Male;Former Student;15;Hispanic
20220307IAEAD;Wounded;Female;Student;16;
20220307IAEAD;Wounded;Female;Student;18;
20220304KSOLO;Wounded;Male;Principal/Vice-Principal;Adult;
20220304KSOLO;Wounded;Male;Police Officer/SRO;Adult;
20220303MIJWL;Wounded;Male;;17;
20220228NYBOB;Wounded;Male;Student;14;
20220227DCDUW;Fatal;Male;No Relation;32;
20220225NMWEA;Fatal;Male;Student;16;
20220222TXALH;Fatal;Male;No Relation;Adult;
20220222COLIP;Fatal;Male;No Relation;Adult;
20220221MDJOH;Fatal;Male;No Relation;18;
20220220OKWIW;Wounded;Male;Police Officer/SRO;Adult;
20220220MSMCM;Wounded;;;;
20220220MSMCM;Wounded;;;;
20220220MSMCM;Wounded;;;;
20220220MSMCM;Wounded;;;;
20220220MSMCM;Fatal;Male;Nonstudent Using Athletic Facilities/Attending Game;6;
20220219VACAC;Fatal;Male;;17;
20220218MATET;Non-gunshot Injury;;Student;Teen;
20220218MATET;Non-gunshot Injury;Female;Student;Teen;
20220218MATET;Non-gunshot Injury;;Student;Teen;
20220218MATET;Non-gunshot Injury;;Student;Teen;
20220218MATET;Non-gunshot Injury;;Student;Teen;
20220218MATET;Non-gunshot Injury;;Student;Teen;
20220218MATET;Non-gunshot Injury;;Student;Teen;
20220217WAMCG;Wounded;Male;Gang Member;Adult;
20220211DCEAW;Wounded;Male;;Adult;
20220209NYMCB;Wounded;Male;Police Officer/SRO;Adult;
20220209NYMCB;Wounded;Male;Student;13;
20220209MNMIM;Wounded;;Bus Driver;Adult;
20220208MDCAC;Wounded;Male;Student;16;
20220208MDCAC;Wounded;;Student;16;
20220204ALWEB;Wounded;;Student;16;
20220201WIRUM;Wounded;Female;Student;15;
20220201WIRUM;Wounded;Female;Student;15;
20220201WIRUM;Wounded;Female;Student;16;
20220201WIRUM;Wounded;Female;Student;17;
20220201WIRUM;Wounded;Female;Nonstudent Using Athletic Facilities/Attending Game;20;
20220201MNSOR;Fatal;Male;Student;15;Black
20220201MNSOR;Wounded;Male;Student;17;
20220201MNSOR;Wounded;Male;Student;19;
20220201ILALC;Wounded;Female;No Relation;16;
20220129WIBEB;Fatal;Male;Nonstudent Using Athletic Facilities/Attending Game;19;
20220128LACAM;None;;Nonstudent Using Athletic Facilities/Attending Game;Adult;
20220128LACAM;None;;Nonstudent Using Athletic Facilities/Attending Game;Adult;
20220127TXMOH;Wounded;Female;No Relation;Adult;
20220126PABAP;Fatal;Male;Student;17;Black
20220124NVSUL;Wounded;;;;
20220121MDMAR;Wounded;Male;Student;15;
20220119VAMAP;Wounded;Male;Student;Teen;
20220119PAPIP;Fatal;Male;Student;15;Black
20220119FLSES;Wounded;Male;Student;17;
20220119DCANW;None;Male;;;
20220117TXPYH;Fatal;Male;No Relation;Adult;
20220117TXPYH;Fatal;Female;No Relation;Adult;
20220106CAFLS;Wounded;Male;Student;17;
20220106CAFLS;Wounded;Male;Student;17;
20220104ILAUR;Wounded;Male;Student;15;
20220104ILAUR;Wounded;Female;Student;17;
20211229NCCAS;Wounded;Male;Student;13;
20211229NCCAS;Wounded;Male;Student;14;
20211214VAMEN;Fatal;Male;Student;17;
20211213NCWEC;None;Male;Student;Teen;
20211212NYSCR;Fatal;Male;No Relation;25;
20211211FLEDL;Wounded;Male;Nonstudent Using Athletic Facilities/Attending Game;Adult;
20211208MOEWK;Wounded;Male;Nonstudent Using Athletic Facilities/Attending Game;Teen;
20211208MOEWK;Wounded;Male;Nonstudent Using Athletic Facilities/Attending Game;Teen;
20211208KYSTL;None;;No Relation;Adult;
20211207ILHAC;Fatal;Male;No Relation;71;Asian
20211206NYSUS;Wounded;Male;Student;16;
20211206CAWIW;Fatal;Male;;13;
20211206CAWIW;Wounded;Female;;30;
20211206CAWIW;Wounded;Female;Student;9;
20211203ARBLB;None;Male;No Relation;Adult;
20211201TXSAP;None;Male;Student;Teen;
20211130TNHUH;Fatal;Male;Nonstudent Using Athletic Facilities/Attending Game;21;
20211130TNHUH;Wounded;Male;Nonstudent Using Athletic Facilities/Attending Game;18;
20211130TNHUH;Wounded;Male;Nonstudent Using Athletic Facilities/Attending Game;Adult;
20211130MIOXO;Fatal;Male;Student;17;
20211130MIOXO;Wounded;Male;Student;14;
20211130MIOXO;Wounded;Male;Teacher;47;
20211130MIOXO;Wounded;Male;Student;14;
20211130MIOXO;Fatal;Female;Student;14;
20211130MIOXO;Wounded;Female;Student;17;
20211130MIOXO;Fatal;Female;Student;17;White
20211130MIOXO;Wounded;Male;Student;15;
20211130MIOXO;Fatal;Male;Student;16;
20211130MIOXO;Wounded;Male;Student;17;
20211130MIOXO;Wounded;Female;Student;14;
20211129AZCHP;Wounded;Male;Student;16;
20211126CAWES;Wounded;Male;Nonstudent Using Athletic Facilities/Attending Game;Adult;
20211126CAWES;Wounded;Male;Nonstudent Using Athletic Facilities/Attending Game;Adult;
20211119MDGIB;Fatal;Female;;13;
20211119COHIA;Wounded;Male;Student;Teen;
20211119COHIA;Wounded;Male;Student;Teen;
20211119COHIA;Wounded;Male;Student;Teen;
20211108NYTHB;Wounded;Male;Student;17;
20211102NMHIH;Wounded;Male;Student;Child;
20211102NMHIH;Wounded;;Student;Child;
20211102NMHIH;Wounded;;Student;Child;
20211102NMHIH;None;;Teacher;Adult;
20211030PASTM;Wounded;Male;Nonstudent Using Athletic Facilities/Attending Game;Adult;
20211021NYPSB;Wounded;Male;No Relation;25;
20211021GABES;Non-gunshot Injury;;;;
20211018PALIP;Wounded;Male;Student;16;
20211018PALIP;Wounded;Male;No Relation;66;
20211015CAKEF;Wounded;;;;
20211015ALWIM;Wounded;Male;;;
20211015ALWIM;Wounded;Male;;;
20211015ALWIM;Wounded;Female;;;
20211015ALWIM;Wounded;Male;;;
20211014MEREP;Fatal;;No Relation;;
20211013PACHD;Non-gunshot Injury;;Student;Child;
20211013PACHD;Non-gunshot Injury;;Student;Child;
20211013PACHD;Non-gunshot Injury;;Student;Child;
20211013PACHD;Non-gunshot Injury;;Student;Child;
20211012MIELK;Wounded;Male;No Relation;15;
20211012MIELK;Wounded;Male;No Relation;17;
20211012ILWEC;Wounded;Female;Student;14;
20211012ILWEC;Wounded;Male;Security Guard;46;
20211011ORROP;Wounded;Male;Student;Teen;
20211007TXEAW;Wounded;Female;Student;Teen;
20211007DCWAW;Fatal;Male;Nonstudent Using Athletic Facilities/Attending Game;26;
20211006TXTIA;Wounded;Female;Student;Teen;
20211006TXTIA;Wounded;Male;Teacher;25;
20211006TXTIA;Non-gunshot Injury;;Student;Teen;
20211006TXTIA;Wounded;Male;Student;15;
20211004PASCP;Wounded;;Police Officer/SRO;Adult;
20211004PASCP;Wounded;;Police Officer/SRO;Adult;
20211004OHWOT;Wounded;Male;Student;17;
20211001TXYEH;Wounded;Male;Principal/Vice-Principal;Adult;
20211001NCSEF;Wounded;Male;Nonstudent Using Athletic Facilities/Attending Game;18;
20211001NCSEF;Wounded;Male;Nonstudent Using Athletic Facilities/Attending Game;19;
20211001NCNOD;Wounded;Male;Student;17;
20211001INBEI;Wounded;Male;Nonstudent Using Athletic Facilities/Attending Game;16;
20210930TNCUM;Wounded;Male;Student;13;
20210930MSNEN;Wounded;Male;Student;6;
20210928MESOS;Wounded;Male;Student;Teen;
20210927ILCAC;Non-gunshot Injury;;Student;Child;
20210927ILCAC;Non-gunshot Injury;;Student;Child;
20210927ILCAC;Non-gunshot Injury;;Student;Child;
20210924MDWIB;Wounded;Male;No Relation;18;
20210924ALFAF;Wounded;Male;Nonstudent Using Athletic Facilities/Attending Game;Adult;
20210922NYSOB;Wounded;Male;Student;17;
20210921PAVAP;Wounded;Male;Student;15;
20210921KSEAW;Wounded;Male;Student;15;
20210921KSEAW;Wounded;Male;Student;17;
20210921KSEAW;Wounded;Male;Student;15;
20210920VAHEN;Wounded;Male;Student;17;
20210920VAHEN;Wounded;Female;Student;17;
20210920OHEAC;Wounded;Male;No Relation;14;
20210920OHEAC;Wounded;Male;No Relation;15;
20210920OHEAC;Wounded;Male;No Relation;19;
20210918COWIC;Wounded;;Student;Teen;
20210918COWIC;Wounded;;Student;Teen;
20210918COWIC;Wounded;;Nonstudent Using Athletic Facilities/Attending Game;Adult;
20210917VAHEH;Non-gunshot Injury;Male;Student;Teen;
20210917TNAUK;Wounded;Male;;Teen;
20210917PAWEP;Wounded;;Student;16;
20210917PAWEP;Wounded;;Student;14;
20210915VASPS;None;;Student;Child;
20210915VASPS;None;;Student;Child;
20210915VASPS;None;;Student;Child;
20210915KYMAL;Wounded;Male;No Relation;Adult;
20210913SCEDC;Wounded;Male;Parent;Adult;
20210909ILCHC;Wounded;Male;No Relation;34;
20210908MNPRB;Wounded;Male;No Relation;Adult;
20210903CABUB;None;Female;Bus Driver;Adult;
20210903CABUB;None;;Student;;
20210902INWEG;Wounded;Male;Student;Teen;
20210902CASAL;Wounded;Male;Student;17;
20210902CASAL;Wounded;Male;Student;Teen;
20210901NCMTW;Fatal;Male;Student;15;Black
20210901ILFRC;Fatal;Male;No Relation;41;
20210830NJWEN;Fatal;Male;Student;Teen;
20210830NCNEW;Wounded;Male;Student;Teen;
20210830FLOKW;Non-gunshot Injury;Female;Student;Teen;
20210827VAFRW;Wounded;Male;Student;15;
20210827VAFRW;Wounded;Female;Student;14;
20210827PAACS;Wounded;;Nonstudent Using Athletic Facilities/Attending Game;Adult;
20210827PAACS;Fatal;Female;Nonstudent Using Athletic Facilities/Attending Game;8;Black
20210827PAACS;Wounded;;Student;Teen;
20210827PAACS;Wounded;;Student;Teen;
20210827PAACS;Wounded;;Nonstudent Using Athletic Facilities/Attending Game;Adult;
20210827KYAPO;Wounded;Male;Nonstudent Using Athletic Facilities/Attending Game;Adult;
20210827INHAH;Wounded;;Student;Teen;
20210827INHAH;Wounded;;Student;Teen;
20210822ILWER;Wounded;Male;Student;13;
20210820NEMIO;Wounded;Male;No Relation;24;Black
20210820NEMIO;Wounded;Female;No Relation;29;Black
20210820CACEF;Wounded;Male;Nonstudent Using Athletic Facilities/Attending Game;19;Black
20210818SCORO;Wounded;;Student;Teen;
20210818SCORO;Wounded;;Student;Teen;
20210818SCORO;Wounded;;Student;Teen;
20210817COYED;Fatal;Male;Student;18;
20210814ILMAC;Wounded;Male;No Relation;15;
20210813NMWAA;Fatal;Male;Student;13;
20210812GALIL;Wounded;Male;;Adult;
20210811COMAC;Wounded;Male;No Relation;Adult;
20210810OHEAC;Wounded;Male;Former Student;15;
20210807ORGIP;Fatal;Male;No Relation;Adult;
20210806LASTH;Wounded;Female;Parent;60;
20210804ALBUM;Wounded;Male;;Teen;
20210804ALBUM;Wounded;Male;;Teen;
20210727WATYS;Fatal;Male;Nonstudent Using Athletic Facilities/Attending Game;Adult;
20210721ILTHC;Wounded;Male;No Relation;22;
20210721ILTHC;Wounded;Male;No Relation;18;
20210721ILTHC;Wounded;Male;No Relation;15;
20210721ILTHC;Wounded;Male;No Relation;17;
20210721ILTHC;Wounded;Male;No Relation;14;
20210719TXCAC;Non-gunshot Injury;Female;Student;17;
20210719TXCAC;Non-gunshot Injury;Male;Student;17;
20210708ILBEC;Wounded;Female;No Relation;34;
20210708ILBEC;Wounded;Male;Student;16;
20210704NYDRR;Fatal;Male;;16;
20210628CASLF;Wounded;Male;No Relation;Adult;
20210624ILABR;Wounded;Male;No Relation;Adult;
20210620CAGRM;Wounded;Male;No Relation;Adult;
20210614TXEAF;Wounded;Male;;Adult;
20210613PAWIP;Fatal;Male;Nonstudent Using Athletic Facilities/Attending Game;Adult;
20210612MOMCF;Fatal;Male;Student;18;Black
20210609VAWIR;Wounded;Male;Student;Teen;
20210609TXNOH;Wounded;Male;Student;18;Black
20210608KSHAK;Fatal;Male;No Relation;15;
20210607TXEAF;Fatal;Male;Student;17;
20210601ILLIC;Wounded;Male;;17;
20210517TXBRE;Non-gunshot Injury;Female;Student;13;
20210517TXBRE;Non-gunshot Injury;Male;Student;Teen;
20210517TNAUM;Wounded;Male;No Relation;Adult;
20210514CASAS;Fatal;Male;No Relation;19;Asian
20210511NYPSB;Wounded;Male;No Relation;16;
20210506SCFOC;None;Male;Bus Driver;Adult;
20210506IDRIR;Wounded;Male;Student;Teen;
20210506IDRIR;Wounded;Female;Student;11;
20210506IDRIR;Wounded;Male;Other Staff;Adult;
20210505MICRC;Wounded;Male;No Relation;Adult;
20210502ILCHC;Wounded;Female;No Relation;21;
20210502ILCHC;Wounded;Male;No Relation;29;
20210502ILCHC;Wounded;Male;No Relation;20;
20210502ILCHC;Wounded;Female;No Relation;32;
20210502ILCHC;Wounded;Female;No Relation;26;
20210501MNBES;None;Male;No Relation;Adult;
20210501MNBES;None;Male;No Relation;Adult;
20210430INMAI;Wounded;Female;Parent;Adult;
20210429NYURB;Fatal;Male;Student;17;
20210429CAVIV;Wounded;Male;Student;16;
20210427DESMS;Fatal;Female;Parent;38;
20210420TXHAH;Fatal;Male;No Relation;19;Black
20210418OHWED;Fatal;Male;No Relation;16;
20210418OHWED;Wounded;Male;No Relation;Teen;
20210413TNMAC;None;;Bus Driver;Adult;
20210412TNAUK;Wounded;Male;Police Officer/SRO;Adult;
20210412CASAS;None;Female;No Relation;33;
20210411INBIH;Fatal;Female;No Relation;43;
20210407ILPEP;None;Male;Student;16;
20210401ALSES;None;Male;Student;Teen;
20210327MAPEC;Fatal;Male;Nonstudent Using Athletic Facilities/Attending Game;19;
20210324ORFOS;Fatal;Male;No Relation;17;
20210324ORFOS;Wounded;Male;No Relation;17;
20210315INMEM;Fatal;Male;No Relation;18;Black
20210315INMEM;Wounded;Male;No Relation;Teen;
20210313TXLEA;Wounded;Male;Nonstudent Using Athletic Facilities/Attending Game;Adult;
20210311OHCIC;Wounded;Male;No Relation;Adult;
20210308SCEDC;Wounded;Male;Relative;Adult;
20210301ARWAP;Fatal;Male;Student;15;
20210226LAGEN;Fatal;Male;Police Officer/SRO;38;Black
20210224WAGAY;Wounded;Male;No Relation;16;
20210222CAHOV;Wounded;Male;No Relation;Adult;
20210219ILLIR;Fatal;Male;No Relation;30;
20210214MNROM;Wounded;;No Relation;Adult;
20210214MNROM;Fatal;Male;No Relation;53;
20210214MNROM;Fatal;Female;No Relation;34;
20210210TXFOF;Fatal;Male;No Relation;Adult;
20210210NJSCP;Fatal;Female;No Relation;41;
20210210LASTS;Non-gunshot Injury;Male;Student;4;
20210205MDBEM;Wounded;Male;No Relation;Adult;
20210201MIMUD;Wounded;;Nonstudent Using Athletic Facilities/Attending Game;;
20210127FLHOH;Non-gunshot Injury;;Student;Teen;
20210121OHEAC;Wounded;Male;No Relation;19;
20210114MDHIW;Fatal;Male;No Relation;21;
20210110ILSOS;Wounded;Female;Student;16;Black
20210110ILSOS;Wounded;Female;Relative;20;
20201229WAROS;Wounded;Male;;Teen;
20201229WAROS;Wounded;Male;;Teen;
20201216ILDUC;Fatal;Male;No Relation;19;Black
20201207ILEAC;Fatal;Male;No Relation;21;
20201125KSABG;Wounded;Male;No Relation;16;
20201124NCHEH;Wounded;Female;Student;12;
20201116TNWIM;None;Female;No Relation;Adult;
20201113NCLIL;Wounded;Male;Student;6;White
20201112PANAH;Fatal;Male;No Relation;17;
20201112CACEU;Wounded;Male;No Relation;Adult;
20201109TXCOH;Fatal;Male;No Relation;Adult;Hispanic
20201029FLLAM;Fatal;Male;No Relation;Adult;
20201029FLLAM;Fatal;Male;No Relation;Adult;
20201026GARIR;Fatal;Male;No Relation;28;
20201020ARJAP;Fatal;Male;;16;
20201018KYSEL;Wounded;;;Teen;
20201018KYSEL;Wounded;;;Teen;
20201018KYSEL;Wounded;;;Teen;
20201014WAWAS;None;Male;No Relation;Adult;
20201014PABRB;None;Male;Bus Driver;Adult;
20201013RIRHP;Fatal;Male;No Relation;19;Black
20201013RIRHP;Wounded;Male;No Relation;Adult;
20201013RIRHP;Wounded;Male;No Relation;Adult;
20201012TXNOD;None;Male;No Relation;Adult;
20201009FLJEJ;Wounded;Male;Student;18;
20201005OKSOM;Non-gunshot Injury;;Student;Teen;
20201005ARKIH;Wounded;Male;;Adult;
20201005ARKIH;Fatal;Male;;36;Black
20200930CADYL;Wounded;Male;Student;18;Black
20200930CADYL;Wounded;;No Relation;Adult;
20200928CTEAN;Wounded;Male;No Relation;18;
20200925NJHAH;Wounded;Male;No Relation;41;
20200923PAWIW;None;Male;;;
20200923FLHIJ;None;;;;
20200918KYWIL;Wounded;Male;Nonstudent Using Athletic Facilities/Attending Game;Adult;
20200917ORDRP;Wounded;;No Relation;Adult;
20200917OHELA;Wounded;Male;Nonstudent Using Athletic Facilities/Attending Game;19;
20200917OHELA;Wounded;Female;Nonstudent Using Athletic Facilities/Attending Game;40;
20200916WAARG;Wounded;Male;No Relation;Adult;
20200916CASOS;Fatal;Male;;17;
20200910ILPEP;None;;Student;;
20200909TXSOH;Wounded;Male;No Relation;18;
20200909PAWEW;None;Male;No Relation;Adult;
20200904FLLOJ;Wounded;Male;No Relation;27;
20200903GADOA;Fatal;Male;No Relation;18;
20200830TXLOD;Fatal;Male;No Relation;27;Hispanic
20200825MOWEC;Wounded;Male;No Relation;Adult;
20200817MIABG;Wounded;Male;No Relation;Adult;
20200804PAKEP;Fatal;Male;No Relation;26;
20200721SCBRO;Fatal;Male;Nonstudent Using Athletic Facilities/Attending Game;28;
20200714MIWID;None;;;;
20200704INLAM;Fatal;Male;No Relation;;Hispanic
20200701ILFRP;None;;;;
20200618INJOI;Fatal;Male;No Relation;37;
20200616FLTOM;Fatal;Male;No Relation;Adult;
20200616FLTOM;Wounded;Male;No Relation;Adult;
20200603IAGAD;Wounded;Male;No Relation;18;
20200527OHLUC;None;;;;
20200525ALORM;Wounded;Male;No Relation;Adult;
20200525ALORM;Wounded;Male;No Relation;Adult;
20200525ALORM;Wounded;Male;No Relation;Adult;
20200522OHMIC;Fatal;Male;No Relation;34;
20200519VAWEM;None;;;;
20200515NCSTC;None;;;;
20200505CAGOV;Fatal;Male;No Relation;19;Hispanic
20200505CAGOV;Fatal;Male;No Relation;19;Hispanic
20200505CAGOV;Fatal;Male;No Relation;18;Hispanic
20200413NEMOO;Wounded;Male;No Relation;18;
20200330GANAS;Wounded;;No Relation;;
20200330GANAS;Wounded;;No Relation;;
20200330GANAS;Wounded;;No Relation;;
20200324LAROM;Wounded;Male;;;
20200318LABOS;Wounded;Male;Student;15;
20200315TXATH;Fatal;Male;Former Teacher;19;Black
20200313TNPIR;None;;;;
20200310PASHN;None;;;;
20200305FLSAW;Wounded;Male;Police Officer/SRO;;
20200302TXNOF;None;;;;
20200221NMCEA;None;;;;
20200215DCDUW;Fatal;Male;Nonstudent Using Athletic Facilities/Attending Game;34;
20200212MOJOF;None;;;;
20200205NHSEC;None;Male;Student;17;
20200205NHSEC;None;Female;Teacher;Adult;
20200204LABEA;None;;;;
20200203FLGEJ;Wounded;Male;No Relation;Adult;
20200201TXHIH;Wounded;Male;No Relation;Adult;
20200131CADEA;Fatal;Male;Student;16;
20200128TXLUL;Wounded;Male;Student;17;Black
20200128TNWHM;Wounded;Male;;;
20200128NYMAQ;None;Male;Student;16;
20200127WAROY;None;;;;
20200123CAOXO;Wounded;Female;Student;9;
20200121NEPAL;None;;;;
20200121ILLIC;Wounded;Male;Student;17;
20200119TXNOF;Wounded;;Nonstudent Using Athletic Facilities/Attending Game;Adult;
20200119TXNOF;Wounded;;Nonstudent Using Athletic Facilities/Attending Game;10;
20200117SCCAS;None;Male;Student;16;
20200117MITHH;Wounded;Male;Parent;Adult;
20200114TXPOM;None;;;;
20200114TXBEH;Fatal;Male;Student;19;
20200111TXELD;Fatal;Male;Former Student;18;
20200111TXELD;Wounded;Male;Police Officer/SRO;Officer;
20200110MSMCJ;Wounded;Male;Student;Teen;
20200108FLGLB;None;;;;
20200107WASOK;None;;;;
20191228MOMAS;Fatal;Male;Student;13;Black
20191221LAWES;Wounded;;Nonstudent Using Athletic Facilities/Attending Game;Adult;
20191221LAWES;Wounded;;Nonstudent Using Athletic Facilities/Attending Game;Adult;
20191221LAWES;Wounded;;Nonstudent Using Athletic Facilities/Attending Game;Adult;
20191221LAWES;Wounded;;Nonstudent Using Athletic Facilities/Attending Game;Adult;
20191219FLLEN;Fatal;Female;Student;Adult;
20191216CTCAN;Wounded;Male;Parent;Adult;
20191213VAMAN;None;Male;Student;17;
20191211KSCHT;None;;;;
20191211INEVE;None;;;;
20191210NJSAJ;None;;;;
20191210KSJCK;None;;;;
20191210ALDED;None;;;;
20191204NMPIL;None;;;;
20191203WITHM;Wounded;Female;Student;Teen;
20191203WITHM;Wounded;Female;Student;Teen;
20191203WIOSO;Wounded;Male;Student;16;
20191202WIWAW;None;Male;Student;18;
20191201ALMOM;Fatal;Female;No Relation;31;White
20191126WASAV;Wounded;Female;Parent;Adult;
20191126WASAV;Wounded;Female;Parent;Adult;
20191125ILCAC;Wounded;Male;No Relation;37;
20191124CASEU;Fatal;Male;No Relation;14;
20191124CASEU;Fatal;Male;No Relation;11;
20191121ILRIO;Wounded;;Student;14;
20191115NJPLP;Fatal;Male;Relative;10;
20191115NJPLP;Wounded;Male;Student;15;
20191115NJPLP;Wounded;Male;Nonstudent Using Athletic Facilities/Attending Game;27;
20191114CASAS;Fatal;Female;Student;15;
20191114CASAS;Wounded;Female;Student;15;
20191114CASAS;Wounded;Female;Student;14;
20191114CASAS;Wounded;Male;Student;14;
20191114CASAS;Fatal;Male;Student;14;
20191113CAESL;Fatal;Male;No Relation;Adult;
20191111MDACB;Wounded;Male;Student;19;
20191108TXROD;Fatal;Male;Former Student;15;Black
20191108CAEDS;None;;;;
20191029NYNEN;Wounded;Female;Student;16;
20191027MDLAL;Wounded;Female;No Relation;38;
20191022NJBRB;Wounded;Male;Student;Teen;
20191022CARIS;Wounded;Male;Student;16;
20191018OHWOT;None;;;;
20191018GACRS;Wounded;Male;;;
20191015LAGEN;Wounded;Male;Student;17;
20191011LARAR;None;;;;
20191009MAGRL;Wounded;;Student;Child;
20191009MAGRL;Wounded;;Student;Child;
20191009MAGRL;Wounded;;Student;Child;
20191009MAGRL;Wounded;;Student;Child;
20191009MAGRL;Wounded;;Student;Child;
20191008TXWEH;Wounded;;Student;Teen;
20191008COSHS;Wounded;Male;Rival School Student;Teen;
20191002GASOA;None;;;;
20190927NCZEC;None;;;;
20190927CADER;Wounded;Female;Student;16;
20190927CADER;Wounded;Male;Student;17;
20190927CADER;Wounded;Male;Student;17;
20190920PASIP;Wounded;Male;Unknown;14;
20190920PASIP;Wounded;Male;Unknown;15;
20190918MNFOC;Wounded;Male;Nonstudent Using Athletic Facilities/Attending Game;45;
20190916VAPHH;Fatal;Male;No Relation;38;
20190916ILILK;None;;;;
20190914TXEAF;Wounded;Male;Nonstudent Using Athletic Facilities/Attending Game;12;
20190914TXEAF;Wounded;Female;Nonstudent Using Athletic Facilities/Attending Game;Adult;
20190913VAETN;Wounded;;Nonstudent Using Athletic Facilities/Attending Game;19;
20190913VAETN;Wounded;;Student;14;
20190913VAETN;Wounded;;Nonstudent Using Athletic Facilities/Attending Game;19;
20190913UTGRW;None;;;;
20190912KSMAM;None;;;;
20190910SCSOA;None;;;;
20190906PAWEM;Wounded;Female;Student;;
20190906PAMCJ;Fatal;Male;;48;Black
20190906ALCEC;None;;;;
20190902MDNOB;Fatal;Male;No Relation;Adult;
20190902MDNOB;Wounded;Male;No Relation;Adult;
20190902MDNOB;Wounded;Male;No Relation;Adult;
20190830OHCET;Wounded;Male;Nonstudent Using Athletic Facilities/Attending Game;16;
20190830NCKIK;None;;;;
20190830ALLAM;Wounded;;Student;Teen;
20190830ALLAM;Wounded;;Student;Teen;
20190830ALLAM;Wounded;;Student;Teen;
20190830ALLAM;Wounded;;Student;Teen;
20190830ALLAM;Wounded;;Student;Teen;
20190830ALLAM;Wounded;;Student;Teen;
20190830ALLAM;Wounded;;Student;Teen;
20190830ALLAM;Wounded;;Student;Teen;
20190830ALLAM;Wounded;;Student;Teen;
20190830ALLAM;Wounded;;Student;Teen;
20190827NYROR;None;;;;
20190827CAHOL;Wounded;Male;Student;Teen;
20190824PAWIP;Fatal;Male;No Relation;14;Black
20190823MOROS;Fatal;Female;Student;16;Black
20190823MOPAS;None;;;;
20190823GAPEC;Wounded;Male;Nonstudent;12;
20190820PASAC;None;Male;Parent;Adult;
20190817GALAA;Wounded;Male;Student;16;Black
20190817GALAA;Wounded;Male;Nonstudent Using Athletic Facilities/Attending Game;12;Black
20190815TNEAN;None;;;;
20190809NJWEN;Wounded;;Student;13;
20190809NJWEN;Wounded;;Student;18;
20190808ALBLM;None;;;;
20190719CAMOS;None;;;;
20190711CTBUH;Fatal;Male;No Relation;34;Hispanic
20190702AKWIA;Wounded;Male;No Relation;Teen;
20190701NYSCN;Wounded;Male;No Relation;13;Black
20190629COJAC;Fatal;Male;No Relation;18;
20190629COJAC;Fatal;Male;No Relation;22;
20190621MICAF;Wounded;Male;Unknown;15;
20190613NJTAW;None;;;;
20190612PAJEE;None;Male;No Relation;18;
20190612DCHEW;None;;;;
20190610ILMEW;Wounded;Male;No Relation;27;Hispanic
20190606ILGEC;Wounded;Male;Nonstudent Using Athletic Facilities/Attending Game;25;
20190530DCHEW;None;;;;
20190522OHSAC;Fatal;Male;No Relation;14;Black
20190522OHSAC;Wounded;Female;No Relation;14;
20190517ORPAP;None;;;;
20190517FLTEJ;Wounded;Male;Student;16;Black
20190508ILSEC;Wounded;Male;Student;19;
20190507COSTH;Wounded;;Student;Teen;
20190507COSTH;Wounded;;Student;Teen;
20190507COSTH;Fatal;Male;Student;18;
20190507COSTH;Wounded;;Student;Teen;
20190507COSTH;Wounded;;Student;Teen;
20190507COSTH;Wounded;;Student;Teen;
20190507COSTH;Wounded;;Student;Teen;
20190507COSTH;Wounded;;Student;15;
20190507COSTH;Wounded;;Student;Teen;
20190430VACDW;None;;;;
20190430FLWEW;None;;;;
20190426GACRF;None;;;;
20190425GAWYS;Non-gunshot Injury;;Student;Child;
20190425GAWYS;Non-gunshot Injury;;Student;Child;
20190425GAWYS;Non-gunshot Injury;;Student;Child;
20190425GAWYS;Non-gunshot Injury;;Student;Child;
20190425GAWYS;Non-gunshot Injury;;Student;Child;
20190425GAWYS;Non-gunshot Injury;;Student;Child;
20190425GAWYS;Non-gunshot Injury;;Student;Child;
20190425GAWYS;Non-gunshot Injury;;Student;Child;
20190425GAWYS;Non-gunshot Injury;;Student;Child;
20190425GAWYS;Non-gunshot Injury;;Student;Child;
20190424ARCOC;None;Male;Student;14;
20190417ILWAL;None;Male;Student;12;
20190410TXROH;Wounded;Male;Student;15;
20190407MAHOL;None;;;;
20190405WISTM;Wounded;;Student;10;
20190403FLSAJ;None;;;;
20190403COAUA;None;;;;
20190401ARPRP;Wounded;Male;Student;14;
20190327MSSVH;Wounded;Male;Student;10;Black
20190327FLMAJ;Wounded;Male;Student;12;
20190322ALBLB;Non-gunshot Injury;Unknown;Student;Child;
20190313FLLAO;None;Female;Student;17;
20190301KSHIM;None;;;;
20190226ALROM;Wounded;Male;Student;17;
20190217COEAA;Fatal;Male;Principal/Vice-Principal;46;Black
20190214NMVR;None;;;;
20190212MOCEK;Fatal;Female;Student;15;Black
20190208MDFRB;Wounded;Male;Other Staff;56;
20190205MNMIM;Wounded;Male;Bus Driver;;
20190131TXATA;Wounded;Male;Student;16;
20190131TNMAM;Wounded;Male;Student;14;
20190130GAMIL;Wounded;Male;No Relation;Adult;
20190125TNMAM;None;;;;
20190125ALDAM;Wounded;Male;Student;17;
20190125ALDAM;Wounded;Male;Nonstudent Using Athletic Facilities/Attending Game;20;
20190123LASOS;Wounded;Male;No Relation;Adult;
20190119KSLAO;Wounded;Male;No Relation;16;
20190119KSLAO;Wounded;Male;No Relation;15;
20190118NCSHD;Wounded;;Bus Driver;Adult;
20190118MOHAS;None;;;;
20190118ALCET;None;Female;Intimate Relationship;Adult;
20190111ORCAE;Fatal;Male;Parent;30;
20190107CACEB;Fatal;Male;No Relation;17;Unknown
20181218DEAIG;None;;;;
20181214MOWIK;None;;;;
20181213INDER;None;Male;Student;14;
20181211KYCAC;Wounded;Female;No Relation;15;
20181211KYCAC;Wounded;Male;No Relation;20;
20181210NYJEJ;None;Male;Student;17;
20181128PASTP;None;;;;
20181124OHAFC;Wounded;Male;No Relation;20;
20181124OHAFC;Wounded;Male;No Relation;Adult;
20181122WAMOD;Wounded;Male;No Relation;21;
20181122TXSKD;Fatal;Male;;17;Hispanic
20181121MIPEP;None;;;;
20181120VASIP;Wounded;Female;Parent;Adult;
20181112MDEAE;None;Male;Police Officer/SRO;Adult;
20181109GAGAM;None;;;;
20181108CACLS;Wounded;Male;No Relation;Adult;
20181105SCACC;None;Male;Student;13;
20181104KYCRL;Fatal;Male;No Relation;Adult;
20181104KYCRL;Wounded;Male;No Relation;Adult;
20181029NCBUM;Fatal;Male;Student;16;Black
20181026FLSAO;Fatal;Male;No Relation;18;
20181025MICOD;None;Male;Student;15;
20181023NHGOM;Wounded;Female;Teacher;Adult;
20181022CTDUB;None;;;;
20181020GASHS;Fatal;Male;Police Officer/SRO;Adult;Black
20181013TNMCN;Wounded;Male;;Adult;
20181013TNMCN;Fatal;Male;;18;
20181012MIBAB;None;;;;
20181007VAVAH;Wounded;Male;Other Staff;Adult;
20181005VALAN;Wounded;;;;
20181005TNHAB;Wounded;Unknown;Student;Teen;
20181005TNHAB;Wounded;Unknown;Student;Teen;
20181004ORJAP;None;;;;
20181003AKDEA;Wounded;Male;Relative;Adult;
20181002ARCHL;None;;;;
20180928SDCHC;None;Male;No Relation;20;
20180927TXHEC;Wounded;Male;Nonstudent;31;
20180926MDMAB;None;;;;
20180924PACEP;Fatal;Female;Student;17;
20180924NCLAC;None;;;;
20180924GAAPB;None;Male;Student;Teen;
20180920CAPOP;None;;;;
20180920CACHL;Wounded;;Student;Teen;
20180920CACHL;Wounded;;Other Staff;Adult;
20180917ALBLH;Wounded;Male;Student;7;
20180914WAMAE;None;;;;
20180914FLBOB;None;;;;
20180911NVCAL;Fatal;Male;Student;18;
20180910TNFAM;Wounded;Female;Student;15;
20180910ILCHC;Wounded;Male;Student;16;
20180910ILCHC;Wounded;Male;Student;17;
20180910ILCHC;Wounded;Male;Student;18;
20180909CAGIG;None;;;;
20180907IAHED;None;;;;
20180905RIPRP;Fatal;Male;Visiting Student;15;Black
20180903NYLUN;Fatal;Male;No Relation;34;Black
20180831IANOE;None;Female;Teacher;Adult;
20180831CABAS;None;;;;
20180830NCVIC;None;Female;Intimate Relationship;Adult;
20180830MIOTG;Wounded;Male;No Relation;17;
20180829DETOD;Fatal;Male;No Relation;39;
20180828COCOD;Wounded;Male;Student;Teen;
20180824ILMEC;Wounded;Male;Gang Member;Adult;
20180824ILMEC;Wounded;Male;Gang Member;Adult;
20180824ILMEC;Wounded;Male;Gang Member;Adult;
20180824FLRAJ;Fatal;Male;Nonstudent Using Athletic Facilities/Attending Game;19;
20180824FLRAJ;Wounded;Male;Student;17;
20180824FLRAJ;Wounded;Male;Student;16;
20180823ALALM;None;;;;
20180817FLPAW;Wounded;Male;No Relation;39;
20180817FLPAW;Wounded;Male;No Relation;29;
20180811TNANN;Wounded;Male;Other Staff;42;
20180809NJLAM;Fatal;Male;Parent;37;Black
20180804MDEDE;Fatal;Male;;19;
20180719WAWEY;Fatal;Male;No Relation;18;Hispanic
20180717WVHUH;None;;;;
20180711OHMIM;Fatal;Male;;20;Black
20180703KSSUO;Fatal;Male;No Relation;47;
20180703KSSUO;Wounded;Male;No Relation;Adult;
20180701TNRAM;Fatal;Male;No Relation;Adult;
20180625OHFUS;Wounded;Male;No Relation;Adult;
20180624MTSEM;Wounded;Male;No Relation;Teen;
20180624MTSEM;Wounded;Male;No Relation;Teen;
20180621TXSKD;Wounded;Female;Student;16;
20180617ORGRP;Fatal;Male;No Relation;Adult;
20180615OHVAB;None;Female;Nonstudent Using Athletic Facilities/Attending Game;Teen;
20180601TXMCM;None;Unknown;Student;Teen;
20180525INNON;Wounded;Female;Student;Adult;White
20180525INNON;Wounded;Male;Teacher;Teen;White
20180521GABEG;Wounded;Female;Parent;Adult;
20180518TXSAS;Wounded;;Student;Teen;
20180518TXSAS;Fatal;Male;Student;17;
20180518TXSAS;Fatal;Female;Teacher;63;
20180518TXSAS;Fatal;Male;Student;17;
20180518TXSAS;Fatal;Female;Teacher;64;
20180518TXSAS;Fatal;Male;Student;17;
20180518TXSAS;Wounded;;Student;Teen;
20180518TXSAS;Fatal;Female;Student;14;
20180518TXSAS;Fatal;Female;Student;16;
20180518TXSAS;Wounded;;Student;Teen;
20180518TXSAS;Wounded;;Student;Teen;
20180518TXSAS;Wounded;;Student;Teen;
20180518TXSAS;Fatal;Male;Student;15;
20180518TXSAS;Wounded;;Student;Teen;
20180518TXSAS;Wounded;;Student;Teen;
20180518TXSAS;Wounded;;Student;Teen;
20180518TXSAS;Fatal;Male;Student;15;
20180518TXSAS;Wounded;;Student;Teen;
20180518TXSAS;Wounded;;Student;Teen;
20180518TXSAS;Wounded;;Student;Teen;
20180518TXSAS;Fatal;Female;Student;15;
20180518TXSAS;Wounded;;Student;Teen;
20180518TXSAS;Wounded;;Student;Teen;
20180518GAMOA;Fatal;Female;Relative;40;
20180518GAMOA;Wounded;Female;Relative;21;
20180518GAMOA;Wounded;Female;Relative;Adult;
20180517MOCEK;Wounded;;Relative;Adult;
20180517MOCEK;Wounded;;Student;Teen;
20180516ILDID;Wounded;Male;Student;;
20180511CAHIP;Wounded;Male;Student;15;
20180505MIFOF;None;;;;
20180503TNWAW;None;;;;
20180503SDENW;Wounded;Male;Other Staff;19;
20180425NMHIA;Wounded;Male;Parent;Adult;
20180423GABEA;None;;;;
20180420FLFOO;Wounded;Male;Student;Teen;
20180419MIJAJ;None;;;;
20180412MORAR;Wounded;Male;Parent;Adult;
20180409NYGLG;Wounded;Male;Student;Teen;
20180329KYJOE;None;Male;Parent;51;White
20180328MSEUE;None;;;;
20180320MDGRG;Fatal;Male;Student;Teen;White
20180320MDGRG;Wounded;Female;Student;Teen;White
20180319VADOP;Wounded;Female;Parent;Adult;
20180316MTBIM;None;;;;
20180313VAGEA;None;;;;
20180313CASES;Wounded;;Student;Teen;
20180313CASES;Non-gunshot Injury;;Student;Teen;
20180313CASES;Non-gunshot Injury;;Student;Teen;
20180309KYFRL;None;Male;Student;Teen;
20180307ALHUB;Fatal;Female;Student;Teen;Black
20180305MOKIC;None;;;;
20180228GADAD;None;;;;
20180226WAOAT;None;;;;
20180220OHJAM;None;Male;Student;13;
20180215FLNOC;None;;;;
20180214FLMAP;Wounded;Female;Teacher;50;
20180214FLMAP;Fatal;Female;Student;14;
20180214FLMAP;Wounded;Female;Student;18;
20180214FLMAP;Wounded;Female;Student;Teen;
20180214FLMAP;Fatal;Female;Student;18;
20180214FLMAP;Wounded;Female;Student;Teen;
20180214FLMAP;Wounded;Female;Student;17;
20180214FLMAP;Fatal;Male;Teacher;49;
20180214FLMAP;Wounded;Female;Student;17;
20180214FLMAP;Wounded;Male;Student;Teen;
20180214FLMAP;Fatal;Female;Student;17;
20180214FLMAP;Wounded;Female;Student;Teen;
20180214FLMAP;Fatal;Female;Student;14;
20180214FLMAP;Wounded;Male;Student;15;
20180214FLMAP;Fatal;Male;Student;15;
20180214FLMAP;Fatal;Male;Teacher;35;
20180214FLMAP;Wounded;;Student;Teen;
20180214FLMAP;Fatal;Male;Student;14;
20180214FLMAP;Fatal;Male;Student;14;
20180214FLMAP;Fatal;Female;Student;14;
20180214FLMAP;Wounded;Male;Student;15;
20180214FLMAP;Fatal;Female;Student;14;
20180214FLMAP;Wounded;Male;Student;15;
20180214FLMAP;Fatal;Male;Student;17;
20180214FLMAP;Fatal;Female;Student;16;
20180214FLMAP;Wounded;Female;Student;Teen;
20180214FLMAP;Fatal;Male;Student;17;
20180214FLMAP;Wounded;Female;Student;Teen;
20180214FLMAP;Wounded;Female;Student;17;
20180214FLMAP;Fatal;Female;Teacher;37;
20180214FLMAP;Fatal;Male;Student;15;
20180214FLMAP;Wounded;Male;Student;Teen;
20180214FLMAP;Fatal;Female;Student;14;
20180214FLMAP;Wounded;Male;Student;Teen;
20180209TNPEN;Wounded;Male;No Relation;17;Black
20180208NYTHN;None;;;;
20180205MNHAM;None;;;;
20180205MDOXO;Wounded;Male;Student;17;
20180201CASAL;Non-gunshot Injury;;Student;Teen;
20180201CASAL;Non-gunshot Injury;;Student;Teen;
20180201CASAL;Wounded;Female;Student;15;
20180201CASAL;Wounded;Male;Student;15;
20180201CASAL;Non-gunshot Injury;;Teacher;30;
20180131PALIP;Fatal;Male;No Relation;32;
20180126MIDED;None;;;;
20180125ALMUM;None;;;;
20180123KYMAB;Fatal;Male;Student;15;
20180123KYMAB;Wounded;Male;Student;Teen;
20180123KYMAB;Fatal;Male;Student;15;
20180123KYMAB;Wounded;Male;Student;Teen;
20180123KYMAB;Wounded;Male;Student;Teen;
20180123KYMAB;Wounded;Male;Student;Teen;
20180123KYMAB;Wounded;Female;Student;Teen;
20180123KYMAB;Wounded;Female;Student;Teen;
20180123KYMAB;Wounded;Male;Student;Teen;
20180123KYMAB;Wounded;Male;Student;Teen;
20180123KYMAB;Wounded;Male;Student;Teen;
20180123KYMAB;Wounded;Female;Student;Teen;
20180123KYMAB;Wounded;Male;Student;Teen;
20180123KYMAB;Wounded;Male;Student;Teen;
20180123KYMAB;Wounded;Male;Student;Teen;
20180123KYMAB;Wounded;Female;Student;Teen;
20180123KYMAB;Wounded;Male;Student;Teen;
20180123KYMAB;Wounded;Male;Student;Teen;
20180123KYMAB;Wounded;Female;Student;Teen;
20180123KYMAB;Wounded;Male;Student;Teen;
20180122TXITI;Wounded;Female;Student;Teen;
20180122LANEN;None;;;;
20180116VTMOM;None;Male;No Relation;32;White
20180109AZCOS;None;Male;Student;Teen;
20180105IAFOF;None;;;;
20180104WANES;None;;;;
;;;;;
;;;;;
;;;;;
;;;;;
;;;;;
;;;;;
;;;;;
;;;;;
;;;;;
;;;;;
;;;;;
;;;;;
;;;;;
;;;;;
;;;;;
;;;;;
;;;;;
;;;;;
;;;;;
;;;;;
;;;;;
;;;;;
;;;;;
;;;;;
;;;;;
;;;;;
;;;;;
;;;;;
;;;;;
;;;;;
;;;;;
;;;;;
;;;;;
;;;;;
;;;;;
;;;;;
;;;;;
;;;;;
;;;;;
;;;;;
;;;;;
;;;;;
;;;;;
;;;;;
;;;;;
;;;;;
;;;;;
;;;;;
;;;;;
;;;;;
;;;;;
;;;;;
;;;;;
;;;;;
;;;;;
;;;;;
;;;;;
;;;;;
;;;;;
;;;;;
;;;;;
;;;;;
;;;;;
;;;;;
;;;;;
;;;;;
;;;;;
;;;;;
;;;;;
;;;;;
;;;;;
;;;;;
;;;;;
;;;;;
;;;;;
;;;;;
;;;;;
;;;;;
;;;;;
;;;;;
;;;;;
;;;;;
;;;;;
;;;;;
;;;;;
;;;;;
;;;;;
;;;;;
;;;;;
;;;;;
;;;;;
;;;;;
;;;;;
;;;;;
;;;;;
;;;;;
;;;;;
;;;;;
;;;;;
;;;;;
;;;;;
;;;;;
;;;;;
;;;;;
;;;;;
;;;;;
;;;;;
;;;;;
;;;;;
;;;;;
;;;;;
;;;;;
;;;;;
;;;;;
;;;;;
;;;;;
;;;;;
;;;;;
;;;;;
;;;;;
;;;;;
;;;;;
;;;;;
;;;;;
;;;;;
;;;;;
;;;;;
;;;;;
;;;;;
;;;;;
;;;;;
;;;;;
;;;;;
;;;;;
;;;;;
;;;;;
;;;;;
;;;;;
;;;;;
;;;;;
;;;;;
;;;;;
;;;;;
;;;;;
;;;;;
;;;;;
;;;;;
;;;;;
;;;;;
;;;;;
;;;;;
;;;;;
;;;;;
;;;;;
;;;;;
;;;;;
;;;;;
;;;;;
;;;;;
;;;;;
;;;;;
;;;;;
;;;;;
;;;;;
;;;;;
;;;;;
;;;;;
;;;;;
;;;;;
;;;;;
;;;;;
;;;;;
;;;;;
;;;;;
;;;;;
;;;;;
;;;;;
;;;;;
;;;;;
;;;;;
;;;;;
;;;;;
;;;;;
;;;;;
;;;;;
;;;;;
;;;;;
;;;;;
;;;;;
;;;;;
;;;;;
;;;;;
;;;;;
;;;;;
;;;;;
;;;;;
;;;;;
;;;;;
;;;;;
;;;;;
;;;;;
;;;;;
;;;;;
;;;;;
;;;;;
;;;;;
;;;;;
;;;;;
;;;;;
;;;;;
;;;;;
;;;;;
;;;;;
;;;;;
;;;;;
;;;;;
;;;;;
;;;;;
;;;;;
;;;;;
;;;;;
;;;;;
;;;;;
;;;;;
;;;;;
;;;;;
;;;;;
;;;;;
;;;;;
;;;;;
;;;;;
;;;;;
;;;;;
;;;;;
;;;;;
;;;;;
;;;;;
;;;;;
;;;;;
;;;;;
;;;;;
;;;;;
;;;;;
;;;;;
;;;;;
;;;;;
;;;;;
;;;;;
;;;;;
;;;;;
;;;;;
;;;;;
;;;;;
;;;;;
;;;;;
;;;;;
;;;;;
;;;;;
;;;;;
;;;;;
;;;;;
;;;;;
;;;;;
;;;;;
;;;;;
;;;;;
;;;;;
;;;;;
;;;;;
;;;;;
;;;;;
;;;;;
;;;;;
;;;;;
;;;;;
;;;;;
;;;;;
;;;;;
;;;;;
;;;;;
;;;;;
;;;;;
;;;;;
;;;;;
;;;;;
;;;;;
;;;;;
;;;;;
;;;;;
;;;;;
;;;;;
;;;;;
;;;;;
;;;;;
;;;;;
;;;;;
;;;;;
;;;;;
;;;;;
;;;;;
;;;;;
;;;;;
;;;;;
;;;;;
;;;;;
;;;;;
;;;;;
;;;;;
;;;;;
;;;;;
;;;;;
;;;;;
;;;;;
;;;;;
;;;;;
;;;;;
;;;;;
;;;;;
;;;;;
;;;;;
;;;;;
;;;;;
;;;;;
;;;;;
;;;;;
;;;;;
;;;;;
;;;;;
;;;;;
;;;;;
;;;;;
;;;;;
;;;;;
;;;;;
;;;;;
;;;;;
;;;;;
;;;;;
;;;;;
;;;;;
;;;;;
;;;;;
;;;;;
;;;;;
;;;;;
;;;;;
;;;;;
;;;;;
;;;;;
;;;;;
;;;;;
;;;;;
;;;;;
;;;;;
;;;;;
;;;;;
;;;;;
;;;;;
;;;;;
;;;;;
;;;;;
;;;;;
;;;;;
;;;;;
;;;;;
;;;;;
;;;;;
;;;;;
;;;;;
;;;;;
;;;;;
;;;;;
;;;;;
;;;;;
;;;;;
;;;;;
;;;;;
;;;;;
;;;;;
;;;;;
;;;;;
;;;;;
;;;;;
;;;;;
;;;;;
;;;;;
;;;;;
;;;;;
;;;;;
;;;;;
;;;;;
;;;;;
;;;;;
;;;;;
;;;;;
;;;;;
;;;;;
;;;;;
;;;;;
;;;;;
;;;;;
;;;;;
;;;;;
;;;;;
;;;;;
;;;;;
;;;;;
;;;;;
;;;;;
;;;;;
;;;;;
;;;;;
;;;;;
;;;;;
;;;;;
;;;;;
;;;;;
;;;;;
;;;;;
;;;;;
;;;;;
;;;;;
;;;;;
;;;;;
;;;;;
;;;;;
;;;;;
;;;;;
;;;;;
;;;;;
;;;;;
;;;;;
;;;;;
;;;;;
;;;;;
;;;;;
;;;;;
;;;;;
;;;;;
;;;;;
;;;;;
;;;;;
;;;;;
;;;;;
;;;;;
;;;;;
;;;;;
;;;;;
;;;;;
;;;;;
;;;;;
;;;;;
;;;;;
;;;;;
;;;;;
;;;;;
;;;;;
;;;;;
;;;;;
;;;;;
;;;;;
;;;;;
;;;;;
;;;;;
;;;;;
;;;;;
;;;;;
;;;;;
;;;;;
;;;;;
;;;;;
;;;;;
;;;;;
;;;;;
;;;;;
;;;;;
;;;;;
;;;;;
;;;;;
;;;;;
;;;;;
;;;;;
;;;;;
;;;;;
;;;;;
;;;;;
;;;;;
;;;;;
;;;;;
;;;;;
;;;;;
;;;;;
;;;;;
;;;;;
;;;;;
;;;;;
;;;;;
;;;;;
;;;;;
;;;;;
;;;;;
;;;;;
;;;;;
;;;;;
;;;;;
;;;;;
;;;;;
;;;;;
;;;;;
;;;;;
;;;;;
;;;;;
;;;;;
;;;;;
;;;;;
;;;;;
;;;;;
;;;;;
;;;;;
;;;;;
;;;;;
;;;;;
;;;;;
;;;;;
;;;;;
;;;;;
;;;;;
;;;;;
;;;;;
;;;;;
;;;;;
;;;;;
;;;;;
;;;;;
;;;;;
;;;;;
;;;;;
;;;;;
;;;;;
;;;;;
;;;;;
;;;;;
;;;;;
;;;;;
;;;;;
;;;;;
;;;;;
;;;;;
;;;;;
;;;;;
;;;;;
;;;;;
;;;;;
;;;;;
;;;;;
;;;;;
;;;;;
;;;;;
;;;;;
;;;;;
;;;;;
;;;;;
;;;;;
;;;;;
;;;;;
;;;;;
;;;;;
;;;;;
;;;;;
;;;;;
;;;;;
;;;;;
;;;;;
;;;;;
;;;;;
;;;;;
;;;;;
;;;;;
;;;;;
;;;;;
;;;;;
;;;;;
;;;;;
;;;;;
;;;;;
;;;;;
;;;;;
;;;;;
;;;;;
;;;;;
;;;;;
;;;;;
;;;;;
;;;;;
;;;;;
;;;;;
;;;;;
;;;;;
;;;;;
;;;;;
;;;;;
;;;;;
;;;;;
;;;;;
;;;;;
;;;;;
;;;;;
;;;;;
;;;;;
;;;;;
;;;;;
;;;;;
;;;;;
;;;;;
;;;;;
;;;;;
;;;;;
;;;;;
;;;;;
;;;;;
;;;;;
;;;;;
;;;;;
;;;;;
;;;;;
;;;;;
;;;;;
;;;;;
;;;;;
;;;;;
;;;;;
;;;;;
;;;;;
;;;;;
;;;;;
;;;;;
;;;;;
;;;;;
;;;;;
;;;;;
;;;;;
;;;;;
;;;;;
;;;;;
;;;;;
;;;;;
;;;;;
;;;;;
;;;;;
;;;;;
;;;;;
;;;;;
;;;;;
;;;;;
;;;;;
;;;;;
;;;;;
;;;;;
;;;;;
;;;;;
;;;;;
;;;;;
;;;;;
;;;;;
;;;;;
;;;;;
;;;;;
;;;;;
;;;;;
;;;;;
;;;;;
;;;;;
;;;;;
;;;;;
;;;;;
;;;;;
;;;;;
;;;;;
;;;;;
;;;;;
;;;;;
;;;;;
;;;;;
;;;;;
;;;;;
;;;;;
;;;;;
;;;;;
;;;;;
;;;;;
;;;;;
;;;;;
;;;;;
;;;;;
;;;;;
;;;;;
;;;;;
;;;;;
;;;;;
;;;;;
;;;;;
;;;;;
;;;;;
;;;;;
;;;;;
;;;;;
;;;;;
;;;;;
;;;;;
;;;;;
;;;;;
;;;;;
;;;;;
;;;;;
;;;;;
;;;;;
;;;;;
;;;;;
;;;;;
;;;;;
;;;;;
;;;;;
;;;;;
;;;;;
;;;;;
;;;;;
;;;;;
;;;;;
;;;;;
;;;;;
;;;;;
;;;;;
;;;;;
;;;;;
;;;;;
;;;;;
;;;;;
;;;;;
;;;;;
;;;;;
;;;;;
;;;;;
;;;;;
;;;;;
;;;;;
;;;;;
;;;;;
;;;;;
;;;;;
;;;;;
;;;;;
;;;;;
;;;;;
;;;;;
;;;;;
;;;;;
;;;;;
;;;;;
;;;;;
;;;;;
;;;;;
;;;;;
;;;;;
;;;;;
;;;;;
;;;;;
;;;;;
;;;;;
;;;;;
;;;;;
;;;;;
;;;;;
;;;;;
;;;;;
;;;;;
;;;;;
;;;;;
;;;;;
;;;;;
;;;;;
;;;;;
;;;;;
;;;;;
;;;;;
;;;;;
;;;;;
;;;;;
;;;;;
;;;;;
;;;;;
;;;;;
;;;;;
;;;;;
;;;;;
;;;;;
;;;;;
;;;;;
;;;;;
;;;;;
;;;;;
;;;;;
;;;;;
;;;;;
;;;;;
;;;;;
;;;;;
;;;;;
;;;;;
;;;;;
;;;;;
;;;;;
;;;;;
;;;;;
;;;;;
;;;;;
;;;;;
;;;;;
;;;;;
;;;;;
;;;;;
;;;;;
;;;;;
;;;;;
;;;;;
;;;;;
;;;;;
;;;;;
;;;;;
;;;;;
;;;;;
;;;;;
;;;;;
;;;;;
;;;;;
;;;;;
;;;;;
;;;;;
;;;;;
;;;;;
;;;;;
;;;;;
;;;;;
;;;;;
;;;;;
;;;;;
;;;;;
;;;;;
;;;;;
;;;;;
;;;;;
;;;;;
;;;;;
;;;;;
;;;;;
;;;;;
;;;;;
;;;;;
;;;;;
;;;;;
;;;;;
;;;;;
;;;;;
;;;;;
;;;;;
;;;;;
;;;;;
;;;;;
;;;;;
;;;;;
;;;;;
;;;;;
;;;;;
;;;;;
;;;;;
;;;;;
;;;;;
;;;;;
;;;;;
;;;;;
;;;;;
;;;;;
;;;;;
;;;;;
;;;;;
;;;;;
;;;;;
;;;;;
;;;;;
;;;;;
;;;;;
;;;;;
;;;;;
;;;;;
;;;;;
;;;;;
;;;;;
;;;;;
;;;;;
;;;;;
;;;;;
;;;;;
;;;;;
;;;;;
;;;;;
;;;;;
;;;;;
;;;;;
;;;;;
;;;;;
;;;;;
;;;;;
;;;;;
;;;;;
;;;;;
;;;;;
;;;;;
;;;;;
;;;;;
;;;;;
;;;;;
;;;;;
;;;;;
;;;;;
;;;;;
;;;;;
;;;;;
;;;;;
;;;;;
;;;;;
;;;;;
;;;;;
;;;;;
;;;;;
;;;;;
;;;;;
;;;;;
;;;;;
;;;;;
;;;;;
;;;;;
;;;;;
;;;;;
;;;;;
;;;;;
;;;;;
;;;;;
;;;;;
;;;;;
;;;;;
;;;;;
;;;;;
;;;;;
;;;;;
;;;;;
;;;;;
;;;;;
;;;;;
;;;;;
;;;;;
;;;;;
;;;;;
;;;;;
;;;;;
;;;;;
;;;;;
;;;;;
;;;;;
;;;;;
;;;;;
;;;;;
;;;;;
;;;;;
;;;;;
;;;;;
;;;;;
;;;;;
;;;;;
;;;;;
;;;;;
;;;;;
;;;;;
;;;;;
;;;;;
;;;;;
;;;;;
;;;;;
;;;;;
;;;;;
;;;;;
;;;;;
;;;;;
;;;;;
;;;;;
;;;;;
;;;;;
;;;;;
;;;;;
;;;;;
;;;;;
;;;;;
;;;;;
;;;;;
;;;;;
;;;;;
;;;;;
;;;;;
;;;;;
;;;;;
;;;;;
;;;;;
;;;;;
;;;;;
;;;;;
;;;;;
;;;;;
;;;;;
;;;;;
;;;;;
;;;;;
;;;;;
;;;;;
;;;;;
;;;;;
;;;;;
;;;;;
;;;;;
;;;;;
;;;;;
;;;;;
;;;;;
;;;;;
;;;;;
;;;;;
;;;;;
;;;;;
;;;;;
;;;;;
;;;;;
;;;;;
;;;;;
;;;;;
;;;;;
;;;;;
;;;;;
;;;;;
;;;;;
;;;;;
;;;;;
;;;;;
;;;;;
;;;;;
;;;;;
;;;;;
;;;;;
;;;;;
;;;;;
;;;;;
;;;;;
;;;;;
;;;;;
;;;;;
;;;;;
;;;;;
;;;;;
;;;;;
;;;;;
;;;;;
;;;;;
;;;;;
;;;;;
;;;;;
;;;;;
;;;;;
;;;;;
;;;;;
;;;;;
;;;;;
;;;;;
;;;;;
;;;;;
;;;;;
;;;;;
;;;;;
;;;;;
;;;;;
;;;;;
;;;;;
;;;;;
;;;;;
;;;;;
;;;;;
;;;;;
;;;;;
;;;;;
;;;;;
;;;;;
;;;;;
;;;;;
;;;;;
;;;;;
;;;;;
;;;;;
;;;;;
;;;;;
;;;;;
;;;;;
;;;;;
;;;;;
;;;;;
;;;;;
;;;;;
;;;;;
;;;;;
;;;;;
;;;;;
;;;;;
;;;;;
;;;;;
;;;;;
;;;;;
;;;;;
;;;;;
;;;;;
;;;;;
;;;;;
;;;;;
;;;;;
;;;;;
;;;;;
;;;;;
;;;;;
;;;;;
;;;;;
;;;;;
;;;;;
;;;;;
;;;;;
;;;;;
;;;;;
;;;;;
;;;;;
;;;;;
;;;;;
;;;;;
;;;;;
;;;;;
;;;;;
;;;;;
;;;;;
;;;;;
;;;;;
;;;;;
;;;;;
;;;;;
;;;;;
;;;;;
;;;;;
;;;;;
;;;;;
;;;;;
;;;;;
;;;;;
;;;;;
;;;;;
;;;;;
;;;;;
;;;;;
;;;;;
;;;;;
;;;;;
;;;;;
;;;;;
;;;;;
;;;;;
;;;;;
;;;;;
;;;;;
;;;;;
;;;;;
;;;;;
;;;;;
;;;;;
;;;;;
;;;;;
;;;;;
;;;;;
;;;;;
;;;;;
;;;;;
;;;;;
;;;;;
;;;;;
;;;;;
;;;;;
;;;;;
;;;;;
;;;;;
;;;;;
;;;;;
;;;;;
;;;;;
;;;;;
;;;;;
;;;;;
;;;;;
;;;;;
;;;;;
;;;;;
;;;;;
;;;;;
;;;;;
;;;;;
;;;;;
;;;;;
;;;;;
;;;;;
;;;;;
;;;;;
;;;;;
;;;;;
;;;;;
;;;;;
;;;;;
;;;;;
;;;;;
;;;;;
;;;;;
;;;;;
;;;;;
;;;;;
;;;;;
;;;;;
;;;;;
;;;;;
;;;;;
;;;;;
;;;;;
;;;;;
;;;;;
;;;;;
;;;;;
;;;;;
;;;;;
;;;;;
;;;;;
;;;;;
;;;;;
;;;;;
;;;;;
;;;;;
;;;;;
;;;;;
;;;;;
;;;;;
;;;;;
;;;;;
;;;;;
;;;;;
;;;;;
;;;;;
;;;;;
;;;;;
;;;;;
;;;;;
;;;;;
;;;;;
;;;;;
;;;;;
;;;;;
;;;;;
;;;;;
;;;;;
;;;;;
;;;;;
;;;;;
;;;;;
;;;;;
;;;;;
;;;;;
;;;;;
;;;;;
;;;;;
;;;;;
;;;;;
;;;;;
;;;;;
;;;;;
;;;;;
;;;;;
;;;;;
;;;;;
;;;;;
;;;;;
;;;;;
;;;;;
;;;;;
;;;;;
;;;;;
;;;;;
;;;;;
;;;;;
;;;;;
;;;;;
;;;;;
;;;;;
;;;;;
;;;;;
;;;;;
;;;;;
;;;;;
;;;;;
;;;;;
;;;;;
;;;;;
;;;;;
;;;;;
;;;;;
;;;;;
;;;;;
;;;;;
;;;;;
;;;;;
;;;;;
;;;;;
;;;;;
;;;;;
;;;;;
;;;;;
;;;;;
;;;;;
;;;;;
;;;;;
;;;;;
;;;;;
;;;;;
;;;;;
;;;;;
;;;;;
;;;;;
;;;;;
;;;;;
;;;;;
;;;;;
;;;;;
;;;;;
;;;;;
;;;;;
;;;;;
;;;;;
;;;;;
;;;;;
;;;;;
;;;;;
;;;;;
;;;;;
;;;;;
;;;;;
;;;;;
;;;;;
;;;;;
;;;;;
;;;;;
;;;;;
;;;;;
;;;;;
;;;;;
;;;;;
;;;;;
;;;;;
;;;;;
;;;;;
;;;;;
;;;;;
;;;;;
;;;;;
;;;;;
;;;;;
;;;;;
;;;;;
;;;;;
;;;;;
;;;;;
;;;;;
;;;;;
;;;;;
;;;;;
;;;;;
;;;;;
;;;;;
;;;;;
;;;;;
;;;;;
;;;;;
;;;;;
;;;;;
;;;;;
;;;;;
;;;;;
;;;;;
;;;;;
;;;;;
;;;;;
;;;;;
;;;;;
;;;;;
;;;;;
;;;;;
;;;;;
;;;;;
;;;;;
;;;;;
;;;;;
;;;;;
;;;;;
;;;;;
;;;;;
;;;;;
;;;;;
;;;;;
;;;;;
;;;;;
;;;;;
;;;;;
;;;;;
;;;;;
;;;;;
;;;;;
;;;;;
;;;;;
;;;;;
;;;;;
;;;;;
;;;;;
;;;;;
;;;;;
;;;;;
;;;;;
;;;;;
;;;;;
;;;;;
;;;;;
;;;;;
;;;;;
;;;;;
;;;;;
;;;;;
;;;;;
;;;;;
;;;;;
;;;;;
;;;;;
;;;;;
;;;;;
;;;;;
;;;;;
;;;;;
;;;;;
;;;;;
;;;;;
;;;;;
;;;;;
;;;;;
;;;;;
;;;;;
;;;;;
;;;;;
;;;;;
;;;;;
;;;;;
;;;;;
;;;;;
;;;;;
;;;;;
;;;;;
;;;;;
;;;;;
;;;;;
;;;;;
;;;;;
;;;;;
;;;;;
;;;;;
;;;;;
;;;;;
;;;;;
;;;;;
;;;;;
;;;;;
;;;;;
;;;;;
;;;;;
;;;;;
;;;;;
;;;;;
;;;;;
;;;;;
;;;;;
;;;;;
;;;;;
;;;;;
;;;;;
;;;;;
;;;;;
;;;;;
;;;;;
;;;;;
;;;;;
;;;;;
;;;;;
;;;;;
;;;;;
;;;;;
;;;;;
;;;;;
;;;;;
;;;;;
;;;;;
;;;;;
;;;;;
;;;;;
;;;;;
;;;;;
;;;;;
;;;;;
;;;;;
;;;;;
;;;;;
;;;;;
;;;;;
;;;;;
;;;;;
;;;;;
;;;;;
;;;;;
;;;;;
;;;;;
;;;;;
;;;;;
;;;;;
;;;;;
;;;;;
;;;;;
;;;;;
;;;;;
;;;;;
;;;;;
;;;;;
;;;;;
;;;;;
;;;;;
;;;;;
;;;;;
;;;;;
;;;;;
;;;;;
;;;;;
;;;;;
;;;;;
;;;;;
;;;;;
;;;;;
;;;;;
;;;;;
;;;;;
;;;;;
;;;;;
;;;;;
;;;;;
;;;;;
;;;;;
;;;;;
;;;;;
;;;;;
;;;;;
;;;;;
;;;;;
;;;;;
;;;;;
;;;;;
;;;;;
;;;;;
;;;;;
;;;;;
;;;;;
;;;;;
;;;;;
;;;;;
;;;;;
;;;;;
;;;;;
;;;;;
;;;;;
;;;;;
;;;;;
;;;;;
;;;;;
;;;;;
;;;;;
;;;;;
;;;;;
;;;;;
;;;;;
;;;;;
;;;;;
;;;;;
;;;;;
;;;;;
;;;;;
;;;;;
;;;;;
;;;;;
;;;;;
;;;;;
;;;;;
;;;;;
;;;;;
;;;;;
;;;;;
;;;;;
;;;;;
;;;;;
;;;;;
;;;;;
;;;;;
;;;;;
;;;;;
;;;;;
;;;;;
;;;;;
;;;;;
;;;;;
;;;;;
;;;;;
;;;;;
;;;;;
;;;;;
;;;;;
;;;;;
;;;;;
;;;;;
;;;;;
;;;;;
;;;;;
;;;;;
;;;;;
;;;;;
;;;;;
;;;;;
;;;;;
;;;;;
;;;;;
;;;;;
;;;;;
;;;;;
;;;;;
;;;;;
;;;;;
;;;;;
;;;;;
;;;;;
;;;;;
;;;;;
;;;;;
;;;;;
;;;;;
;;;;;
;;;;;
;;;;;
;;;;;
;;;;;
;;;;;
;;;;;
;;;;;
;;;;;
;;;;;
;;;;;
;;;;;
;;;;;
;;;;;
;;;;;
;;;;;
;;;;;
;;;;;
;;;;;
;;;;;
;;;;;
;;;;;
;;;;;
;;;;;
;;;;;
;;;;;
;;;;;
;;;;;
;;;;;
;;;;;
;;;;;
;;;;;
;;;;;
;;;;;
;;;;;
;;;;;
;;;;;
;;;;;
;;;;;
;;;;;
;;;;;
;;;;;
;;;;;
;;;;;
;;;;;
;;;;;
;;;;;
;;;;;
;;;;;
;;;;;
;;;;;
;;;;;
;;;;;
;;;;;
;;;;;
;;;;;
;;;;;
;;;;;
;;;;;
;;;;;
;;;;;
;;;;;
;;;;;
;;;;;
;;;;;
;;;;;
;;;;;
;;;;;
;;;;;
;;;;;
;;;;;
;;;;;
;;;;;
;;;;;
;;;;;
;;;;;
;;;;;
;;;;;
;;;;;
;;;;;
;;;;;
;;;;;
;;;;;
;;;;;
;;;;;
;;;;;
;;;;;
;;;;;
;;;;;
;;;;;
;;;;;
;;;;;
;;;;;
;;;;;
;;;;;
;;;;;
;;;;;
;;;;;
;;;;;
;;;;;
;;;;;
;;;;;
;;;;;
;;;;;
;;;;;
;;;;;
;;;;;
;;;;;
;;;;;
;;;;;
;;;;;
;;;;;
;;;;;
;;;;;
;;;;;
;;;;;
;;;;;
;;;;;
;;;;;
;;;;;
;;;;;
;;;;;
;;;;;
;;;;;
;;;;;
;;;;;
;;;;;
;;;;;
;;;;;
;;;;;
;;;;;
;;;;;
;;;;;
;;;;;
;;;;;
;;;;;
;;;;;
;;;;;
;;;;;
;;;;;
;;;;;
;;;;;
;;;;;
;;;;;
;;;;;
;;;;;
;;;;;
;;;;;
;;;;;
;;;;;
;;;;;
;;;;;
;;;;;
;;;;;
;;;;;
;;;;;
;;;;;
;;;;;
;;;;;
;;;;;
;;;;;
;;;;;
;;;;;
;;;;;
;;;;;
;;;;;
;;;;;
;;;;;
;;;;;
;;;;;
;;;;;
;;;;;
;;;;;
;;;;;
;;;;;
;;;;;
;;;;;
;;;;;
;;;;;
;;;;;
;;;;;
;;;;;
;;;;;
;;;;;
;;;;;
;;;;;
;;;;;
;;;;;
;;;;;
;;;;;
;;;;;
;;;;;
;;;;;
;;;;;
;;;;;
;;;;;
;;;;;
;;;;;
;;;;;
;;;;;
;;;;;
;;;;;
;;;;;
;;;;;
;;;;;
;;;;;
;;;;;
;;;;;
;;;;;
;;;;;
;;;;;
;;;;;
;;;;;
;;;;;
;;;;;
;;;;;
;;;;;
;;;;;
;;;;;
;;;;;
;;;;;
;;;;;
;;;;;
;;;;;
;;;;;
;;;;;
;;;;;
;;;;;
;;;;;
;;;;;
;;;;;
;;;;;
;;;;;
;;;;;
;;;;;
;;;;;
;;;;;
;;;;;
;;;;;
;;;;;
;;;;;
;;;;;
;;;;;
;;;;;
;;;;;
;;;;;
;;;;;
;;;;;
;;;;;
;;;;;
;;;;;
;;;;;
;;;;;
;;;;;
;;;;;
;;;;;
;;;;;
;;;;;
;;;;;
;;;;;
;;;;;
;;;;;
;;;;;
;;;;;
;;;;;
;;;;;
;;;;;
;;;;;
;;;;;
;;;;;
;;;;;
;;;;;
;;;;;
;;;;;
;;;;;
;;;;;
;;;;;
;;;;;
;;;;;
;;;;;
;;;;;
;;;;;
;;;;;
;;;;;
;;;;;
;;;;;
;;;;;
;;;;;
;;;;;
;;;;;
;;;;;
;;;;;
;;;;;
;;;;;
;;;;;
;;;;;
;;;;;
;;;;;
;;;;;
;;;;;
;;;;;
;;;;;
;;;;;
;;;;;
;;;;;
;;;;;
;;;;;
;;;;;
;;;;;
;;;;;
;;;;;
;;;;;
;;;;;
;;;;;
;;;;;
;;;;;
;;;;;
;;;;;
;;;;;
;;;;;
;;;;;
;;;;;
;;;;;
;;;;;
;;;;;
;;;;;
;;;;;
;;;;;
;;;;;
;;;;;
;;;;;
;;;;;
;;;;;
;;;;;
;;;;;
;;;;;
;;;;;
;;;;;
;;;;;
;;;;;
;;;;;
;;;;;
;;;;;
;;;;;
;;;;;
;;;;;
;;;;;
;;;;;
;;;;;
;;;;;
;;;;;
;;;;;
;;;;;
;;;;;
;;;;;
;;;;;
;;;;;
;;;;;
;;;;;
;;;;;
;;;;;
;;;;;
;;;;;
;;;;;
;;;;;
;;;;;
;;;;;
;;;;;
;;;;;
;;;;;
;;;;;
;;;;;
;;;;;
;;;;;
;;;;;
;;;;;
;;;;;
;;;;;
;;;;;
;;;;;
;;;;;
;;;;;
;;;;;
;;;;;
;;;;;
;;;;;
;;;;;
;;;;;
;;;;;
;;;;;
;;;;;
;;;;;
;;;;;
;;;;;
;;;;;
;;;;;
;;;;;
;;;;;
;;;;;
;;;;;
;;;;;
;;;;;
;;;;;
;;;;;
;;;;;
;;;;;
;;;;;
;;;;;
;;;;;
;;;;;
;;;;;
;;;;;
;;;;;
;;;;;
;;;;;
;;;;;
;;;;;
;;;;;
;;;;;
;;;;;
;;;;;
;;;;;
;;;;;
;;;;;
;;;;;
;;;;;
;;;;;
;;;;;
;;;;;
;;;;;
;;;;;
;;;;;
;;;;;
;;;;;
;;;;;
;;;;;
;;;;;
;;;;;
;;;;;
;;;;;
;;;;;
;;;;;
;;;;;
;;;;;
;;;;;
;;;;;
;;;;;
;;;;;
;;;;;
;;;;;
;;;;;
;;;;;
;;;;;
;;;;;
;;;;;
;;;;;
;;;;;
;;;;;
;;;;;
;;;;;
;;;;;
;;;;;
;;;;;
;;;;;
;;;;;
;;;;;
;;;;;
;;;;;
;;;;;
;;;;;
;;;;;
;;;;;
;;;;;
;;;;;
;;;;;
;;;;;
;;;;;
;;;;;
;;;;;
;;;;;
;;;;;
;;;;;
;;;;;
;;;;;
;;;;;
;;;;;
;;;;;
;;;;;
;;;;;
;;;;;
;;;;;
;;;;;
;;;;;
;;;;;
;;;;;
;;;;;
;;;;;
;;;;;
;;;;;
;;;;;
;;;;;
;;;;;
;;;;;
;;;;;
;;;;;
;;;;;
;;;;;
;;;;;
;;;;;
;;;;;
;;;;;
;;;;;
;;;;;
;;;;;
;;;;;
;;;;;
;;;;;
;;;;;
;;;;;
;;;;;
;;;;;
;;;;;
;;;;;
;;;;;
;;;;;
;;;;;
;;;;;
;;;;;
;;;;;
;;;;;
;;;;;
;;;;;
;;;;;
;;;;;
;;;;;
;;;;;
;;;;;
;;;;;
;;;;;
;;;;;
;;;;;
;;;;;
;;;;;
;;;;;
;;;;;
;;;;;
;;;;;
;;;;;
;;;;;
;;;;;
;;;;;
;;;;;
;;;;;
;;;;;
;;;;;
;;;;;
;;;;;
;;;;;
;;;;;
;;;;;
;;;;;
;;;;;
;;;;;
;;;;;
;;;;;
;;;;;
;;;;;
;;;;;
;;;;;
;;;;;
;;;;;
;;;;;
;;;;;
;;;;;
;;;;;
;;;;;
;;;;;
;;;;;
;;;;;
;;;;;
;;;;;
;;;;;
;;;;;
;;;;;
;;;;;
;;;;;
;;;;;
;;;;;
;;;;;
;;;;;
;;;;;
;;;;;
;;;;;
;;;;;
;;;;;
;;;;;
;;;;;
;;;;;
;;;;;
;;;;;
;;;;;
;;;;;
;;;;;
;;;;;
;;;;;
;;;;;
;;;;;
;;;;;
;;;;;
;;;;;
;;;;;
;;;;;
;;;;;
;;;;;
;;;;;
;;;;;
;;;;;
;;;;;
;;;;;
;;;;;
;;;;;
;;;;;
;;;;;
;;;;;
;;;;;
;;;;;
;;;;;
;;;;;
;;;;;
;;;;;
;;;;;
;;;;;
;;;;;
;;;;;
;;;;;
;;;;;
;;;;;
;;;;;
;;;;;
;;;;;
;;;;;
;;;;;
;;;;;
;;;;;
;;;;;
;;;;;
;;;;;
;;;;;
;;;;;
;;;;;
;;;;;
;;;;;
;;;;;
;;;;;
;;;;;
;;;;;
;;;;;
;;;;;
;;;;;
;;;;;
